"","Age","Gender","OwnHome","Married","Location","Salary","Children","History","Catalogs","AmountSpent"
"1",2,1,"Own",2,"Far",47500,0,"High",6,755
"2",1,2,"Rent",2,"Close",63600,0,"High",6,1318
"3",3,1,"Rent",2,"Close",13500,0,"Low",18,296
"4",1,2,"Own",1,"Close",85600,1,"High",18,2436
"5",1,1,"Own",2,"Close",68400,0,"High",12,1304
"6",3,2,"Own",1,"Close",30400,0,"Low",6,495
"7",1,1,"Rent",2,"Close",48100,0,"Medium",12,782
"8",1,2,"Own",2,"Close",68400,0,"High",18,1155
"9",1,1,"Own",1,"Close",51900,3,"Low",6,158
"10",2,2,"Own",1,"Far",80700,0,NA,18,3034
"11",3,2,"Rent",1,"Close",43700,1,NA,12,927
"12",1,2,"Own",1,"Far",111800,3,"High",18,2065
"13",1,1,"Own",1,"Close",44100,1,"Medium",24,704
"14",1,2,"Own",1,"Close",111400,0,"High",12,2136
"15",2,1,"Own",1,"Far",110000,0,"High",24,5564
"16",1,1,"Own",1,"Far",83100,1,NA,12,2766
"17",2,1,"Own",1,"Close",82800,0,"High",24,3010
"18",1,2,"Own",1,"Close",90100,0,"High",18,1956
"19",1,2,"Rent",2,"Close",38600,1,"Low",18,542
"20",2,1,"Rent",2,"Far",14000,0,"Low",12,410
"21",3,1,"Rent",2,"Far",14300,2,"Low",6,194
"22",3,2,"Rent",1,"Close",49800,0,"Medium",12,827
"23",2,1,"Rent",1,"Far",60200,0,"High",18,2328
"24",3,2,"Rent",1,"Far",43500,1,"Medium",12,808
"25",3,1,"Rent",1,"Close",41700,1,NA,6,521
"26",1,1,"Own",1,"Close",92300,3,"Low",18,655
"27",1,2,"Own",2,"Close",62800,3,NA,6,707
"28",1,1,"Rent",1,"Far",72900,0,"High",18,2075
"29",1,1,"Rent",1,"Close",66900,2,"Medium",12,769
"30",3,2,"Rent",2,"Close",21700,1,NA,18,774
"31",2,1,"Rent",1,"Close",39700,0,"Medium",12,573
"32",1,2,"Rent",1,"Far",72200,1,"High",12,2082
"33",1,1,"Rent",1,"Close",0,3,NA,24,NA
"34",1,2,"Own",1,"Close",104100,0,"High",24,2636
"35",1,2,"Rent",2,"Far",67700,0,"High",12,2226
"36",1,1,"Own",2,"Close",27000,2,"Low",6,183
"37",1,1,"Own",2,"Far",64100,2,"High",24,1595
"38",1,2,"Rent",2,"Close",47000,1,"Medium",12,584
"39",2,1,"Own",1,"Close",41600,0,NA,18,982
"40",2,1,"Rent",2,"Close",20100,0,"Low",24,576
"41",1,2,"Own",2,"Close",64000,3,"Low",12,410
"42",1,1,"Own",1,"Far",96800,3,NA,24,3082
"43",1,2,"Rent",1,"Close",76200,1,NA,24,2437
"44",2,1,"Rent",1,"Far",81500,0,"High",18,3655
"45",1,1,"Own",2,"Close",49600,1,"Medium",12,844
"46",2,1,"Own",1,"Close",111500,0,"High",18,2510
"47",1,2,"Own",1,"Close",77700,0,NA,6,983
"48",3,2,"Own",1,"Close",58900,0,NA,18,1215
"49",1,2,"Own",1,"Close",126500,2,"High",18,2000
"50",1,1,"Own",1,"Close",83300,1,"High",24,2574
"51",1,1,"Own",1,"Close",90500,1,"High",6,1116
"52",1,1,"Own",1,"Far",87200,0,"High",18,3604
"53",1,1,"Own",1,"Close",105300,1,NA,24,3360
"54",1,1,"Own",2,"Far",56000,3,"Medium",6,NA
"55",1,1,"Rent",2,"Close",46600,0,"Medium",24,906
"56",2,2,"Rent",1,"Close",69800,0,"High",24,2764
"57",1,2,"Own",2,"Close",60300,0,"High",24,1263
"58",3,2,"Rent",1,"Close",67800,0,"High",12,1084
"59",1,2,"Rent",2,"Close",42300,0,"Medium",24,1051
"60",3,1,"Own",1,"Far",33700,0,NA,6,614
"61",1,2,"Own",2,"Close",62700,2,"Medium",12,704
"62",3,1,"Own",2,"Close",25900,2,NA,12,NA
"63",3,1,"Own",2,"Close",15600,1,"Low",6,136
"64",2,1,"Own",2,"Close",14600,0,"Low",24,468
"65",2,1,"Own",1,"Close",62600,0,"High",6,565
"66",3,2,"Rent",1,"Close",66700,0,NA,18,1310
"67",1,2,"Own",1,"Far",72500,0,NA,24,2595
"68",3,1,"Rent",2,"Far",13200,0,NA,24,358
"69",1,1,"Own",2,"Close",51300,0,"Medium",24,1424
"70",1,2,"Own",2,"Far",72300,0,"High",24,4182
"71",3,1,"Rent",2,"Close",15600,0,NA,12,468
"72",1,1,"Own",1,"Far",90400,1,"High",18,2924
"73",1,2,"Own",2,"Far",71500,0,NA,6,964
"74",3,2,"Rent",2,"Close",14400,0,NA,24,615
"75",3,2,"Rent",2,"Close",15000,3,"Low",6,38
"76",1,2,"Own",2,"Close",57600,1,NA,6,1006
"77",3,1,"Rent",1,"Close",0,3,"Low",12,307
"78",1,2,"Own",1,"Far",84300,2,"High",18,1648
"79",3,1,"Own",2,"Close",24400,1,"Low",6,220
"80",3,1,"Rent",2,"Close",22100,2,"Low",18,280
"81",1,2,"Rent",1,"Far",48800,2,NA,12,1647
"82",1,1,"Own",1,"Close",74700,1,"Medium",6,704
"83",3,1,"Rent",2,"Far",32400,1,"Medium",24,920
"84",2,1,"Own",2,"Close",11400,0,NA,6,258
"85",1,2,"Own",1,"Close",127000,0,NA,12,1821
"86",1,2,"Rent",2,"Close",47200,0,"Medium",18,1587
"87",1,1,"Own",2,"Close",48700,2,"Low",12,528
"88",3,2,"Rent",2,"Far",20400,0,"Medium",18,867
"89",1,2,"Rent",2,"Close",39000,0,NA,6,643
"90",3,1,"Rent",2,"Close",12900,1,"Low",6,107
"91",1,1,"Rent",1,"Far",67300,1,"High",18,1513
"92",2,2,"Own",1,"Close",134500,0,"High",24,4558
"93",2,2,"Own",1,"Close",75500,0,"High",6,741
"94",2,1,"Own",1,"Far",33600,2,"Medium",12,805
"95",3,1,"Rent",2,"Close",16300,1,NA,12,470
"96",3,2,"Rent",1,"Close",27400,1,"Low",6,278
"97",1,1,"Own",1,"Close",110400,3,"Low",24,1093
"98",3,1,"Rent",2,"Far",21100,1,"Low",6,470
"99",1,2,"Own",1,"Close",81200,0,"High",24,1856
"100",1,2,"Rent",1,"Far",87100,2,"High",18,NA
"101",3,1,"Rent",2,"Far",21700,3,NA,24,708
"102",1,1,"Rent",2,"Close",42200,0,NA,18,1753
"103",1,2,"Rent",2,"Far",59000,0,"High",24,3044
"104",1,1,"Own",2,"Close",52700,2,"Low",18,855
"105",3,2,"Own",2,"Close",20900,0,"Low",24,550
"106",1,2,"Own",1,"Far",90700,3,"High",24,2265
"107",2,1,"Own",1,"Far",91800,0,NA,24,2452
"108",3,1,"Own",2,"Far",27900,0,"Medium",18,1184
"109",2,1,"Own",1,"Close",70700,0,"High",24,2150
"110",1,2,"Own",1,"Close",79600,2,NA,6,1575
"111",1,2,"Rent",1,"Close",96400,1,"High",24,1822
"112",1,1,"Own",2,"Close",46600,2,NA,18,1153
"113",2,2,"Own",1,"Close",106600,0,"High",12,1877
"114",1,1,"Rent",1,"Close",104900,3,"Low",6,450
"115",2,2,"Rent",2,"Close",56300,0,"Medium",6,873
"116",3,1,"Rent",2,"Close",14800,1,"Low",6,209
"117",2,2,"Own",1,"Close",58300,0,"Medium",24,1472
"118",1,2,"Own",2,"Far",70200,0,"High",12,1702
"119",2,2,"Own",1,"Far",59700,0,"High",18,1857
"120",3,2,"Rent",2,"Close",25800,0,NA,6,451
"121",3,1,"Rent",2,"Close",12000,0,"Low",24,344
"122",1,2,"Rent",2,"Far",51900,0,"High",18,1492
"123",1,1,"Own",2,"Far",66800,3,NA,24,2098
"124",1,2,"Own",1,"Close",105300,1,NA,18,3505
"125",3,1,"Rent",2,"Far",13800,3,"Low",6,127
"126",3,2,"Rent",2,"Close",14800,3,NA,12,436
"127",1,1,"Own",1,"Far",44200,0,"High",24,2524
"128",3,2,"Rent",2,"Close",10400,0,NA,18,189
"129",1,1,"Own",2,"Close",35200,0,"Medium",12,607
"130",3,1,"Rent",2,"Far",16100,0,NA,6,202
"131",1,2,"Own",1,"Close",113000,2,"Medium",18,1554
"132",1,2,"Own",1,"Close",63300,2,NA,6,633
"133",3,2,"Rent",2,"Close",19100,0,NA,6,176
"134",1,1,"Own",1,"Close",93400,2,NA,24,3079
"135",2,1,"Rent",1,"Far",52500,0,"High",24,2038
"136",1,1,"Rent",1,"Far",45400,3,"Medium",24,1203
"137",3,1,"Own",2,"Far",21400,3,NA,6,326
"138",1,1,"Own",2,"Close",53700,3,"Low",12,235
"139",3,1,"Own",1,"Far",68000,0,"High",24,3688
"140",3,2,"Rent",2,"Close",17400,0,NA,12,332
"141",3,1,"Rent",2,"Close",14600,1,"Low",6,143
"142",2,1,"Own",1,"Far",100100,0,"High",12,3104
"143",1,2,"Own",1,"Far",103700,1,"High",24,2339
"144",3,1,"Rent",2,"Far",10800,3,"Low",6,123
"145",1,1,"Own",1,"Close",81700,3,"Low",24,879
"146",2,1,"Rent",2,"Close",21400,0,"Low",18,498
"147",2,1,"Own",1,"Close",114800,0,"High",18,3596
"148",2,1,"Own",1,"Far",67900,0,"High",24,2925
"149",1,2,"Own",1,"Close",53700,1,NA,12,1081
"150",3,1,"Rent",2,"Far",11400,3,NA,12,312
"151",3,2,"Rent",1,"Close",34300,3,NA,12,1297
"152",3,1,"Rent",2,"Close",16400,1,"Low",12,218
"153",1,1,"Own",1,"Far",109800,0,"High",18,4279
"154",1,2,"Own",2,"Close",64200,0,"High",18,1642
"155",3,2,"Rent",2,"Close",17000,0,NA,18,581
"156",1,1,"Rent",2,"Close",41400,3,"Low",6,223
"157",1,1,"Own",2,"Close",49100,2,"Low",6,474
"158",2,1,"Own",2,"Far",42600,0,"High",24,1790
"159",3,1,"Rent",2,"Close",11900,1,"Low",6,143
"160",1,2,"Own",1,"Far",113600,2,"High",18,3237
"161",1,2,"Own",2,"Close",52900,1,NA,24,2316
"162",3,1,"Rent",2,"Close",14300,1,NA,18,458
"163",3,2,"Rent",2,"Close",21000,0,"Low",24,646
"164",1,2,"Own",2,"Far",59600,2,"Medium",18,1217
"165",1,1,"Rent",2,"Close",39700,3,"Low",12,NA
"166",2,2,"Own",1,"Close",51200,0,"Medium",12,1293
"167",1,1,"Own",1,"Close",88200,0,NA,24,2749
"168",1,2,"Own",1,"Far",122100,0,"High",12,2408
"169",2,1,"Rent",1,"Close",84800,0,"High",18,2624
"170",1,2,"Own",1,"Far",140000,0,"High",12,4894
"171",2,1,"Own",2,"Close",28500,0,"Low",24,621
"172",1,2,"Rent",2,"Close",60300,0,"High",6,701
"173",3,1,"Rent",1,"Far",51900,0,NA,6,780
"174",1,2,"Own",2,"Close",60200,0,"Medium",12,1365
"175",1,2,"Own",1,"Far",81200,0,"High",12,2693
"176",2,2,"Own",1,"Close",73100,0,"High",6,1582
"177",2,2,"Own",2,"Close",45700,0,"Medium",18,724
"178",2,1,"Rent",2,"Close",28900,0,"Low",12,830
"179",3,1,"Rent",1,"Close",60100,0,NA,18,1594
"180",1,1,"Own",1,"Close",84800,1,NA,12,1826
"181",2,1,"Own",1,"Close",35000,0,"Medium",6,473
"182",3,1,"Rent",1,"Close",61700,0,NA,12,1161
"183",2,1,"Rent",1,"Close",46900,0,"Medium",6,703
"184",1,1,"Own",1,"Close",123600,1,NA,12,1892
"185",3,2,"Rent",1,"Close",45800,0,"Medium",6,489
"186",1,2,"Own",1,"Far",77800,1,"High",18,1813
"187",1,1,"Own",2,"Close",48700,1,NA,12,1457
"188",1,1,"Rent",2,"Far",0,3,"Low",6,292
"189",3,1,"Rent",1,"Close",40000,0,NA,6,613
"190",1,1,"Rent",1,"Close",118300,1,NA,18,2681
"191",3,1,"Own",2,"Close",27100,2,"Low",24,437
"192",1,1,"Rent",1,"Close",91000,2,"Medium",6,708
"193",1,1,"Own",1,"Close",35300,0,"Medium",24,1093
"194",3,1,"Rent",2,"Far",10200,2,"Low",18,213
"195",3,1,"Rent",2,"Close",12500,1,"Low",6,202
"196",2,1,"Own",2,"Close",64600,0,NA,6,1298
"197",1,2,"Own",1,"Far",113800,0,NA,12,3273
"198",1,2,"Own",1,"Far",113400,3,"High",18,1790
"199",3,1,"Rent",2,"Close",16900,1,"Low",6,247
"200",3,1,"Rent",2,"Close",13600,1,"Low",6,183
"201",1,2,"Own",1,"Far",100100,1,"High",24,3491
"202",2,1,"Own",1,"Far",80000,0,"High",6,1985
"203",1,2,"Own",1,"Close",83900,0,"High",24,1721
"204",1,2,"Own",1,"Close",77000,0,"High",12,2104
"205",1,1,"Rent",1,"Close",72900,3,"Low",6,252
"206",3,2,"Rent",1,"Close",80700,3,"Low",6,202
"207",3,1,"Rent",1,"Close",40900,1,"Medium",18,962
"208",3,1,"Rent",2,"Close",26700,1,NA,12,459
"209",1,2,"Own",1,"Close",54700,0,"Medium",18,848
"210",2,1,"Rent",1,"Close",23600,1,"Low",6,161
"211",1,2,"Rent",2,"Far",56900,0,"High",24,1857
"212",1,2,"Own",2,"Far",68700,1,NA,24,1699
"213",3,1,"Rent",2,"Close",19300,1,"Low",24,308
"214",3,2,"Rent",1,"Far",20200,1,"Low",24,500
"215",1,1,"Rent",1,"Far",61500,3,"Medium",24,1162
"216",1,1,"Own",1,"Far",101700,1,NA,24,2551
"217",1,1,"Rent",1,"Far",120800,1,"High",24,5830
"218",3,1,"Rent",2,"Far",17300,1,"Low",18,381
"219",3,1,"Rent",1,"Close",42300,0,NA,6,856
"220",1,2,"Rent",2,"Close",53300,0,"Medium",18,1720
"221",1,1,"Rent",2,"Close",42800,0,"Medium",12,759
"222",1,2,"Own",1,"Close",98400,0,"High",18,3305
"223",1,1,"Own",2,"Close",51200,0,"Medium",18,1257
"224",2,2,"Own",2,"Close",62200,0,NA,12,1583
"225",1,2,"Own",1,"Close",109200,3,"Low",24,1102
"226",3,1,"Rent",2,"Close",11400,2,NA,6,NA
"227",3,1,"Rent",2,"Close",14000,0,"Low",12,229
"228",2,1,"Rent",1,"Close",97000,0,NA,24,2599
"229",3,1,"Own",2,"Far",29600,3,NA,12,774
"230",2,2,"Own",1,"Close",71200,1,"Medium",12,638
"231",2,1,"Rent",2,"Far",15000,0,"Low",12,378
"232",1,2,"Rent",1,"Far",64000,1,NA,6,1552
"233",2,2,"Own",1,"Far",33000,0,"Medium",12,979
"234",2,1,"Own",1,"Close",74400,0,"High",18,2479
"235",3,2,"Rent",2,"Far",20300,2,"Low",24,450
"236",1,2,"Rent",1,"Close",68700,0,"High",24,2763
"237",3,2,"Rent",1,"Far",53600,3,"Medium",24,1560
"238",2,1,"Own",2,"Close",33200,0,"Medium",24,1037
"239",3,1,"Own",1,"Far",70900,0,NA,6,690
"240",3,1,"Rent",2,"Close",23200,3,NA,24,770
"241",3,2,"Own",2,"Close",41400,0,"Medium",18,643
"242",3,1,"Rent",1,"Close",63200,0,"High",24,1512
"243",2,2,"Own",1,"Close",107400,0,"High",12,1485
"244",3,2,"Rent",2,"Far",13900,0,NA,24,570
"245",1,1,"Rent",1,"Close",79900,1,"Medium",18,1165
"246",1,2,"Own",1,"Far",120000,3,"High",18,1926
"247",2,2,"Rent",1,"Far",66300,0,NA,18,2243
"248",1,1,"Own",2,"Close",54400,3,"Low",18,342
"249",1,2,"Own",1,"Close",84200,0,"High",24,1654
"250",3,1,"Rent",1,"Close",13800,0,"Low",18,363
"251",3,1,"Rent",2,"Far",14500,1,"Low",6,222
"252",3,2,"Rent",2,"Close",21300,0,"Low",24,677
"253",2,2,"Rent",2,"Close",29000,0,"Low",6,482
"254",2,1,"Rent",2,"Close",14600,1,"Low",24,385
"255",2,2,"Own",2,"Close",65300,0,"High",18,1443
"256",1,1,"Own",1,"Close",100800,1,"High",24,1789
"257",3,1,"Rent",2,"Far",19800,1,"Low",24,991
"258",1,2,"Own",2,"Close",56700,2,"Low",18,536
"259",2,2,"Rent",1,"Close",90200,0,"High",18,2183
"260",3,2,"Rent",2,"Close",26100,1,NA,6,494
"261",3,1,"Rent",2,"Close",15900,0,"Low",18,503
"262",3,1,"Rent",2,"Close",12700,3,"Low",12,87
"263",1,2,"Rent",2,"Close",43200,0,NA,24,917
"264",1,1,"Rent",1,"Close",114100,1,NA,24,1976
"265",1,2,"Own",1,"Close",96100,3,"Low",12,316
"266",1,2,"Own",1,"Close",97200,0,NA,12,1634
"267",1,2,"Own",1,"Far",82400,2,"High",24,2035
"268",2,2,"Own",2,"Far",62000,0,"High",24,3293
"269",3,1,"Rent",2,"Close",13400,1,"Low",12,143
"270",1,2,"Own",1,"Close",108200,3,"Low",12,635
"271",3,1,"Own",1,"Close",76200,0,"High",12,979
"272",1,2,"Rent",1,"Close",81800,1,"High",18,1838
"273",3,1,"Rent",2,"Far",12000,0,"Low",6,264
"274",1,2,"Own",1,"Close",76100,0,NA,6,719
"275",1,2,"Own",1,"Close",82100,1,"High",18,1308
"276",2,1,"Own",1,"Close",103300,0,"High",24,3378
"277",3,2,"Rent",2,"Close",14200,1,NA,24,400
"278",1,1,"Own",2,"Far",47500,0,"High",6,847
"279",3,1,"Rent",2,"Close",31300,1,"Low",6,357
"280",3,1,"Rent",1,"Far",32700,1,NA,18,1276
"281",1,2,"Own",1,"Close",72200,0,"High",24,2492
"282",1,1,"Own",1,"Close",107600,2,"Medium",12,1512
"283",1,2,"Own",1,"Close",109900,2,"Medium",12,870
"284",1,1,"Own",1,"Close",65400,2,"Medium",24,938
"285",2,1,"Own",2,"Close",43300,0,NA,12,1584
"286",2,1,"Own",2,"Close",51900,0,"Medium",12,1148
"287",1,1,"Own",1,"Far",80600,0,"High",24,2840
"288",1,1,"Rent",2,"Close",42700,0,"Medium",12,827
"289",3,2,"Rent",2,"Far",19000,0,NA,12,428
"290",3,1,"Rent",2,"Close",14500,1,"Low",6,183
"291",1,1,"Own",1,"Close",68200,1,NA,6,818
"292",3,2,"Rent",1,"Close",36700,0,"Medium",12,731
"293",2,2,"Own",1,"Far",54600,0,"High",24,2163
"294",1,2,"Own",1,"Close",65900,1,"Medium",12,1081
"295",3,2,"Own",2,"Far",39600,0,NA,12,1085
"296",3,2,"Rent",1,"Far",67300,3,NA,6,1212
"297",1,2,"Own",2,"Close",59700,1,NA,18,1422
"298",1,1,"Own",1,"Far",102800,2,"High",18,2238
"299",1,1,"Rent",2,"Close",34700,0,NA,18,1615
"300",1,2,"Own",2,"Close",50600,3,NA,6,713
"301",1,2,"Rent",1,"Close",106700,2,"Medium",6,607
"302",1,2,"Rent",2,"Close",53900,1,"Medium",6,735
"303",3,1,"Rent",1,"Close",25500,2,"Low",6,139
"304",3,2,"Rent",1,"Far",46300,1,"Medium",18,1357
"305",2,2,"Own",1,"Close",55500,0,"Medium",18,858
"306",3,1,"Own",2,"Close",27800,3,NA,12,408
"307",1,2,"Own",1,"Close",118600,1,NA,12,1553
"308",1,1,"Own",1,"Close",130700,3,NA,6,2070
"309",2,2,"Rent",2,"Close",42800,0,"Medium",12,922
"310",1,1,"Own",1,"Far",118300,1,"High",12,2502
"311",3,1,"Rent",2,"Far",25600,2,NA,18,426
"312",1,2,"Rent",1,"Close",63500,2,NA,24,2321
"313",2,1,"Own",2,"Close",30900,0,"Medium",18,862
"314",1,2,"Own",2,"Close",55900,1,NA,24,2555
"315",1,2,"Own",2,"Far",53900,0,NA,12,1186
"316",2,2,"Own",1,"Close",84300,0,"High",24,2842
"317",2,2,"Own",2,"Close",53400,1,"Medium",12,886
"318",1,2,"Own",1,"Close",96900,1,"High",12,1420
"319",1,2,"Rent",2,"Far",55800,1,NA,6,821
"320",3,1,"Rent",1,"Close",25900,1,"Low",6,242
"321",3,1,"Rent",2,"Close",22000,1,"Low",12,472
"322",1,1,"Rent",1,"Close",96700,2,"Medium",12,1231
"323",1,1,"Rent",2,"Close",40200,1,NA,12,881
"324",2,2,"Own",1,"Close",26800,0,"Low",12,435
"325",3,1,"Rent",2,"Close",16700,2,"Low",12,108
"326",3,1,"Rent",1,"Close",40900,2,"Low",18,576
"327",3,2,"Rent",1,"Far",41500,3,NA,24,1314
"328",3,2,"Rent",2,"Close",20900,0,NA,6,296
"329",3,1,"Rent",1,"Close",69700,2,"Medium",6,584
"330",1,2,"Rent",2,"Close",61800,0,"High",24,1156
"331",1,2,"Own",1,"Close",102500,1,"High",24,2464
"332",1,1,"Own",1,"Close",48900,3,NA,18,915
"333",1,2,"Own",2,"Close",60300,0,NA,24,2091
"334",3,2,"Rent",1,"Far",41600,0,"High",24,1690
"335",1,2,"Own",2,"Close",73700,1,"Medium",12,1274
"336",3,1,"Rent",2,"Close",27000,1,NA,24,1012
"337",1,1,"Rent",2,"Close",43700,0,"Medium",12,950
"338",3,2,"Rent",2,"Close",10200,2,NA,12,333
"339",1,1,"Own",1,"Close",63300,2,"Medium",24,679
"340",3,1,"Own",2,"Far",33200,2,"Medium",12,607
"341",2,1,"Own",1,"Far",78800,0,"High",18,3398
"342",1,2,"Own",1,"Close",82500,0,"High",6,859
"343",1,2,"Own",2,"Far",80800,2,"High",18,2444
"344",1,2,"Own",1,"Close",88100,2,"Medium",24,1078
"345",1,2,"Rent",1,"Far",124800,3,"High",18,2537
"346",3,2,"Own",2,"Close",31900,0,"Medium",6,616
"347",1,1,"Own",2,"Close",53300,3,NA,6,508
"348",2,2,"Own",1,"Far",15400,0,"Low",6,297
"349",1,2,"Own",1,"Close",70200,0,NA,6,1583
"350",3,1,"Rent",2,"Close",23000,3,"Low",6,79
"351",1,1,"Own",1,"Close",82400,2,"Medium",18,657
"352",1,1,"Own",1,"Close",97900,0,"High",24,2149
"353",2,1,"Rent",1,"Far",88400,0,"High",18,3632
"354",1,1,"Own",1,"Close",86900,0,"High",18,2230
"355",1,1,"Own",2,"Close",45100,1,"Medium",12,448
"356",1,2,"Rent",2,"Close",41800,3,"Low",24,301
"357",2,2,"Own",1,"Close",74800,0,"High",18,1968
"358",1,1,"Rent",1,"Close",73000,1,"Medium",6,490
"359",1,2,"Own",1,"Close",118500,1,"High",24,3063
"360",1,2,"Own",2,"Close",65300,3,"Low",6,193
"361",1,1,"Rent",1,"Close",66300,2,"Medium",12,544
"362",1,2,"Own",1,"Far",103900,1,"High",24,2666
"363",1,1,"Own",1,"Close",71900,0,"High",18,1846
"364",1,2,"Own",1,"Far",86100,1,NA,12,1255
"365",1,2,"Own",1,"Close",96300,1,"High",12,1081
"366",3,1,"Rent",2,"Close",10200,3,NA,6,199
"367",1,2,"Own",1,"Close",96300,2,NA,18,3916
"368",2,1,"Own",2,"Far",24000,1,"Low",6,357
"369",1,1,"Rent",1,"Close",46700,0,"Medium",24,983
"370",1,1,"Rent",2,"Close",53700,2,NA,12,1194
"371",1,2,"Rent",1,"Close",108300,2,NA,12,2224
"372",3,1,"Rent",2,"Close",12100,1,"Low",6,90
"373",3,2,"Rent",1,"Close",36600,0,NA,6,587
"374",2,2,"Own",1,"Close",66300,0,"High",12,1088
"375",3,1,"Own",2,"Close",33400,1,NA,6,617
"376",1,2,"Own",1,"Far",70000,1,NA,6,1227
"377",1,1,"Own",2,"Close",47900,1,"Medium",24,662
"378",1,1,"Rent",1,"Close",40500,2,"Low",18,622
"379",2,2,"Own",2,"Close",69100,0,"High",12,1477
"380",3,1,"Rent",2,"Close",13300,1,NA,6,236
"381",1,1,"Rent",1,"Far",75800,1,"High",12,1830
"382",1,1,"Rent",1,"Close",48600,0,"Medium",24,1583
"383",2,1,"Own",2,"Close",39600,0,"Medium",12,610
"384",3,1,"Rent",2,"Close",11700,0,"Low",12,193
"385",3,2,"Rent",1,"Close",52600,1,"Medium",12,1052
"386",3,2,"Rent",2,"Close",14600,3,NA,6,0
"387",2,2,"Own",1,"Close",123000,0,"High",24,3671
"388",2,1,"Rent",1,"Far",64600,0,"High",18,2206
"389",1,1,"Own",2,"Far",34600,2,"Medium",18,748
"390",1,2,"Own",1,"Close",74500,0,"High",6,1481
"391",2,2,"Own",1,"Close",56600,0,NA,24,1607
"392",2,1,"Rent",2,"Close",37000,1,NA,6,632
"393",3,1,"Rent",2,"Far",18400,1,"Low",6,303
"394",3,2,"Rent",2,"Close",25000,0,"Low",6,264
"395",1,2,"Own",1,"Far",61400,1,"High",24,1575
"396",1,2,"Own",1,"Close",76400,2,"Medium",18,881
"397",3,2,"Own",1,"Close",55100,0,"Medium",18,1439
"398",2,1,"Own",1,"Far",22800,0,NA,12,452
"399",2,1,"Own",1,"Close",10100,1,"Low",6,93
"400",3,2,"Rent",2,"Close",17800,0,"Low",18,292
"401",1,1,"Own",1,"Close",59100,1,NA,6,1426
"402",3,1,"Rent",2,"Far",19700,2,"Low",6,330
"403",1,2,"Own",1,"Far",73800,0,"High",24,3120
"404",1,2,"Own",1,"Far",113300,1,"High",18,5151
"405",1,2,"Own",1,"Far",118400,2,NA,12,3941
"406",1,2,"Own",1,"Close",92300,1,NA,24,2141
"407",3,2,"Rent",2,"Close",11200,0,NA,6,106
"408",3,1,"Rent",1,"Far",30100,0,"Medium",12,530
"409",1,1,"Own",2,"Close",43500,1,"Medium",12,500
"410",1,2,"Own",1,"Close",97500,0,"High",18,2837
"411",2,2,"Own",1,"Close",54600,0,"Medium",24,1246
"412",1,2,"Rent",2,"Far",42500,1,NA,6,798
"413",1,2,"Own",2,"Close",82800,0,NA,6,1544
"414",2,2,"Own",1,"Far",62300,0,"High",24,2644
"415",3,2,"Rent",2,"Far",21900,2,NA,6,192
"416",1,1,"Rent",2,"Far",35600,3,"Low",18,865
"417",1,2,"Own",1,"Close",96900,0,"High",6,1159
"418",3,1,"Rent",1,"Close",36900,1,NA,18,1480
"419",1,1,"Rent",1,"Close",93500,1,"High",18,1426
"420",1,2,"Own",1,"Close",97300,1,NA,12,3048
"421",3,2,"Rent",2,"Close",21900,0,"Low",12,276
"422",1,2,"Rent",2,"Close",63000,0,"High",24,1910
"423",3,1,"Rent",2,"Close",11500,3,NA,6,157
"424",1,2,"Own",2,"Close",44600,2,"Low",6,236
"425",3,1,"Rent",2,"Close",21900,1,NA,12,576
"426",1,2,"Rent",2,"Far",45100,1,"Medium",12,794
"427",2,1,"Own",1,"Close",74900,0,"High",12,1474
"428",3,2,"Rent",2,"Close",14200,0,"Low",6,250
"429",3,1,"Rent",2,"Far",23200,2,NA,24,788
"430",2,2,"Own",1,"Close",73300,0,NA,12,1694
"431",2,2,"Own",1,"Far",41300,0,"High",24,1985
"432",2,1,"Own",2,"Far",32700,0,"Medium",24,1252
"433",2,1,"Own",2,"Close",35200,0,NA,12,827
"434",3,1,"Rent",2,"Close",13100,0,NA,18,314
"435",1,2,"Own",1,"Close",97400,1,"High",6,880
"436",3,1,"Rent",2,"Far",23100,2,"Low",6,466
"437",1,2,"Own",2,"Close",49200,3,"Low",12,210
"438",1,2,"Own",2,"Far",45000,1,NA,18,902
"439",1,2,"Own",1,"Close",87200,0,"High",18,1274
"440",1,2,"Own",2,"Close",49900,1,NA,24,1631
"441",1,2,"Own",1,"Close",66900,0,"High",12,1220
"442",1,1,"Own",2,"Close",47600,1,"Medium",12,801
"443",1,1,"Own",2,"Close",47900,0,NA,12,1090
"444",1,2,"Own",2,"Close",59400,0,"Medium",18,1699
"445",1,1,"Rent",2,"Close",32700,2,"Low",6,273
"446",1,2,"Rent",2,"Close",34200,1,"Low",18,523
"447",1,2,"Own",1,"Close",96600,0,NA,12,1437
"448",1,1,"Own",1,"Close",126300,1,"High",6,1888
"449",3,2,"Rent",2,"Close",31600,1,NA,12,476
"450",1,1,"Own",1,"Far",108100,3,"High",18,2632
"451",1,1,"Rent",2,"Close",43300,3,"Low",24,326
"452",2,1,"Rent",2,"Far",17900,0,"Low",6,446
"453",1,2,"Own",2,"Far",50100,1,"High",18,1071
"454",2,1,"Own",1,"Close",74700,0,"High",12,1699
"455",2,2,"Rent",1,"Close",60000,0,"Medium",6,966
"456",3,2,"Own",2,"Close",33400,0,NA,12,567
"457",1,1,"Rent",1,"Close",68800,0,NA,6,1658
"458",1,1,"Rent",2,"Close",25700,2,"Low",6,173
"459",1,2,"Own",1,"Close",83700,0,"High",24,3344
"460",1,2,"Rent",2,"Close",50500,0,"Medium",12,1029
"461",3,1,"Rent",2,"Close",17300,0,"Low",12,345
"462",1,2,"Own",2,"Close",45800,0,NA,6,712
"463",2,2,"Own",1,"Close",108900,0,"High",12,1841
"464",1,1,"Rent",1,"Close",60500,2,"Low",6,409
"465",2,1,"Own",1,"Far",84100,0,"High",18,2710
"466",3,2,"Rent",1,"Far",25100,0,"Medium",12,592
"467",1,2,"Own",1,"Close",69900,1,NA,18,2101
"468",1,2,"Own",1,"Close",97100,0,NA,12,1473
"469",1,1,"Own",1,"Close",72200,2,"Medium",18,715
"470",2,1,"Own",1,"Far",78900,0,"High",18,2233
"471",1,1,"Own",2,"Far",62500,3,NA,6,921
"472",3,1,"Rent",2,"Close",17800,1,"Low",6,216
"473",1,1,"Own",1,"Close",105500,1,"High",6,1781
"474",1,1,"Own",2,"Close",46100,2,"Low",12,418
"475",3,2,"Rent",2,"Close",27100,1,"Low",12,268
"476",3,2,"Rent",1,"Far",60300,1,NA,6,1252
"477",3,1,"Rent",2,"Close",12000,0,"Low",6,140
"478",1,1,"Own",2,"Close",48400,0,"Medium",12,992
"479",1,2,"Rent",2,"Close",45600,0,"Medium",18,1388
"480",1,1,"Own",2,"Close",35200,2,"Low",6,233
"481",1,2,"Rent",2,"Far",60200,0,"High",24,2304
"482",1,1,"Rent",1,"Far",53900,1,"High",18,2177
"483",1,2,"Own",1,"Close",70400,2,NA,12,1127
"484",3,2,"Rent",1,"Close",36900,0,"Medium",18,721
"485",2,1,"Own",2,"Close",36100,0,"Medium",12,438
"486",3,1,"Rent",2,"Close",11000,2,NA,18,393
"487",1,2,"Own",2,"Close",61600,0,NA,18,1666
"488",1,2,"Own",1,"Close",88700,1,NA,18,2448
"489",1,1,"Own",1,"Far",88600,1,"High",18,2563
"490",1,2,"Rent",1,"Close",79500,0,"High",18,1763
"491",3,1,"Rent",2,"Close",18900,1,"Low",6,184
"492",2,1,"Own",2,"Close",17300,0,"Low",6,166
"493",1,1,"Rent",1,"Close",81400,2,NA,6,1014
"494",3,2,"Rent",1,"Close",36500,0,"Medium",24,1140
"495",1,1,"Own",2,"Close",43300,1,NA,18,1021
"496",1,2,"Own",1,"Close",76700,1,"Medium",24,1431
"497",1,2,"Own",1,"Far",123000,1,"High",24,5878
"498",1,2,"Own",2,"Close",56300,3,"Low",6,321
"499",1,2,"Own",1,"Close",70000,0,"High",24,1974
"500",1,2,"Own",2,"Close",48100,0,"Medium",18,1640
"501",3,1,"Rent",1,"Close",79400,0,NA,6,1175
"502",1,1,"Own",1,"Close",63700,3,"Low",12,364
"503",3,2,"Rent",2,"Close",21200,0,NA,12,417
"504",1,2,"Rent",2,"Close",53900,0,"Medium",12,1060
"505",2,1,"Own",1,"Close",118800,0,"High",18,2176
"506",1,1,"Own",1,"Close",79400,3,"Low",6,200
"507",2,1,"Rent",2,"Far",20400,0,NA,24,513
"508",1,2,"Rent",2,"Close",52400,0,NA,18,857
"509",2,1,"Own",2,"Close",17600,0,"Low",6,224
"510",3,2,"Rent",2,"Close",23500,0,"Low",12,371
"511",3,2,"Rent",1,"Close",56900,2,"Low",12,687
"512",1,2,"Own",1,"Close",95100,2,"Medium",12,809
"513",1,2,"Own",1,"Close",119800,2,"Medium",24,2090
"514",2,2,"Own",2,"Close",58700,0,NA,24,1479
"515",1,1,"Own",1,"Close",76700,2,"Medium",6,534
"516",1,2,"Own",1,"Close",67600,1,"Medium",18,1172
"517",1,2,"Own",2,"Close",61500,2,"Medium",24,968
"518",2,1,"Own",1,"Close",72900,0,"High",6,753
"519",2,1,"Rent",2,"Close",21200,0,"Low",6,242
"520",2,2,"Rent",2,"Close",32400,1,"Low",12,515
"521",1,1,"Own",1,"Close",62200,3,NA,24,2119
"522",2,1,"Own",2,"Close",24400,0,"Low",6,491
"523",1,2,"Own",1,"Close",66500,3,"Low",12,286
"524",2,1,"Rent",1,"Far",72200,0,"High",24,3069
"525",3,1,"Rent",2,"Close",16900,2,NA,6,281
"526",3,2,"Rent",1,"Close",56300,0,NA,24,1608
"527",2,1,"Own",2,"Far",22000,0,"Medium",12,736
"528",3,1,"Rent",2,"Close",18800,2,"Low",18,170
"529",3,1,"Rent",2,"Close",26600,2,"Low",24,245
"530",1,1,"Rent",1,"Close",72100,0,"High",24,3052
"531",1,2,"Own",2,"Far",55600,0,"High",18,1786
"532",3,1,"Rent",2,"Close",14600,3,"Low",6,0
"533",2,2,"Own",1,"Close",45900,0,"Medium",24,1645
"534",3,1,"Own",2,"Close",15100,0,"Low",6,274
"535",1,2,"Own",1,"Close",140700,3,"Medium",12,1001
"536",1,2,"Own",1,"Close",90300,0,"High",24,1944
"537",2,2,"Own",1,"Close",95900,0,"High",24,2585
"538",3,2,"Rent",2,"Far",20800,0,NA,6,260
"539",1,2,"Own",1,"Close",98400,0,"High",12,1414
"540",3,1,"Rent",2,"Close",15000,2,NA,12,341
"541",3,2,"Rent",2,"Close",17700,1,"Low",12,268
"542",1,2,"Own",1,"Close",102400,1,"High",18,1237
"543",3,2,"Rent",2,"Far",17800,1,NA,18,589
"544",3,2,"Rent",2,"Far",13800,1,"Low",12,368
"545",1,1,"Rent",2,"Close",50500,1,"Medium",12,940
"546",1,1,"Rent",2,"Close",42000,3,"Low",18,232
"547",1,2,"Own",1,"Close",95800,3,"Low",12,678
"548",3,2,"Rent",2,"Close",15200,0,NA,12,324
"549",3,2,"Rent",2,"Close",15800,2,"Low",12,147
"550",2,2,"Own",2,"Close",51400,0,NA,6,694
"551",2,1,"Rent",1,"Close",38200,0,"Medium",6,526
"552",1,1,"Rent",2,"Close",39900,1,"Low",12,586
"553",3,1,"Own",2,"Close",21600,2,NA,12,491
"554",2,1,"Own",1,"Close",65900,0,"High",24,1436
"555",1,1,"Own",1,"Close",97500,1,"High",12,1280
"556",1,2,"Rent",1,"Far",63000,0,"High",18,2107
"557",3,1,"Own",2,"Far",31900,0,NA,12,860
"558",1,1,"Rent",2,"Far",45500,1,NA,18,1624
"559",2,1,"Own",2,"Close",12800,0,NA,12,230
"560",2,1,"Own",1,"Far",12600,2,"Low",12,164
"561",1,2,"Rent",2,"Close",50700,3,"Low",6,157
"562",3,1,"Rent",2,"Close",17900,3,"Low",6,62
"563",3,1,"Rent",2,"Close",14400,1,"Low",18,223
"564",2,1,"Own",2,"Close",23800,0,"Low",6,438
"565",1,2,"Own",1,"Close",84700,3,NA,24,2705
"566",1,1,"Rent",2,"Close",36900,1,"Low",6,371
"567",2,1,"Own",2,"Close",20600,0,"Low",6,201
"568",3,2,"Rent",1,"Close",41500,0,NA,24,1213
"569",1,2,"Own",1,"Close",83100,2,"Medium",6,586
"570",1,2,"Own",1,"Far",88700,2,"High",24,2693
"571",2,1,"Own",1,"Close",54700,0,"Medium",24,1404
"572",1,2,"Own",2,"Close",68900,2,NA,18,2784
"573",3,1,"Rent",2,"Close",22200,2,"Low",18,275
"574",1,1,"Own",1,"Close",70900,1,"Medium",12,794
"575",1,2,"Own",2,"Close",55900,0,"Medium",12,964
"576",1,1,"Own",1,"Close",80800,1,NA,18,1598
"577",1,2,"Own",1,"Far",100600,3,"High",24,2838
"578",2,1,"Own",2,"Close",39900,0,NA,6,619
"579",3,1,"Rent",1,"Close",71200,3,"Low",12,392
"580",2,1,"Own",1,"Close",61000,0,NA,18,1850
"581",2,2,"Own",2,"Close",38700,0,NA,24,1506
"582",1,2,"Own",1,"Far",98900,0,NA,18,3126
"583",1,2,"Own",2,"Close",64300,0,NA,6,1325
"584",1,1,"Own",1,"Close",75600,0,NA,12,1541
"585",3,1,"Rent",1,"Far",53700,0,"High",24,2491
"586",1,2,"Own",2,"Close",66600,0,"High",18,1177
"587",2,1,"Own",1,"Close",89000,0,"High",12,1487
"588",3,1,"Rent",2,"Far",18200,2,"Low",12,322
"589",3,1,"Rent",1,"Close",73600,1,"Medium",6,647
"590",1,1,"Rent",2,"Far",45600,0,"High",12,1322
"591",3,2,"Own",1,"Close",73000,0,NA,6,1534
"592",3,2,"Own",2,"Close",29600,3,NA,12,583
"593",1,2,"Rent",1,"Close",92900,1,NA,6,1705
"594",2,1,"Rent",2,"Far",13900,0,"Low",6,191
"595",3,2,"Rent",1,"Close",64300,3,"Low",6,239
"596",1,2,"Own",1,"Close",77100,2,"Medium",6,568
"597",3,1,"Own",2,"Close",27500,3,NA,12,571
"598",2,2,"Rent",1,"Close",81800,0,"High",6,919
"599",2,1,"Rent",1,"Close",41700,0,"Medium",18,1398
"600",2,1,"Own",1,"Close",51000,0,"Medium",12,1025
"601",1,2,"Rent",2,"Close",55900,1,"Medium",12,909
"602",3,2,"Rent",2,"Close",19800,2,"Low",12,209
"603",3,2,"Rent",2,"Close",17600,0,NA,6,245
"604",1,2,"Rent",1,"Far",84100,1,"High",24,2362
"605",1,2,"Own",1,"Close",85600,0,"High",24,3380
"606",3,2,"Rent",2,"Close",13400,0,"Low",18,424
"607",3,1,"Rent",1,"Far",47200,1,"Medium",12,1272
"608",1,2,"Own",1,"Close",96300,1,"High",24,1909
"609",1,2,"Own",1,"Close",60500,3,"Low",12,340
"610",1,1,"Own",2,"Close",35800,1,NA,24,1355
"611",1,2,"Rent",1,"Close",106100,3,"Low",12,472
"612",3,2,"Rent",2,"Close",18000,0,"Low",12,303
"613",1,2,"Rent",2,"Far",50000,1,NA,6,1079
"614",2,1,"Own",2,"Close",58200,0,"Medium",18,981
"615",3,1,"Rent",2,"Far",13500,2,"Low",12,160
"616",1,1,"Own",1,"Close",59900,1,NA,6,613
"617",3,1,"Rent",2,"Far",18400,1,"Low",12,662
"618",1,2,"Rent",1,"Close",62800,3,"Low",6,177
"619",1,2,"Rent",2,"Close",70000,0,"High",6,785
"620",3,1,"Rent",2,"Far",13600,1,NA,18,349
"621",1,1,"Rent",1,"Close",97400,3,"Low",6,213
"622",2,1,"Own",1,"Far",37500,0,"Medium",18,1578
"623",2,1,"Own",2,"Close",22800,0,"Low",6,258
"624",3,1,"Rent",2,"Close",14200,0,NA,6,192
"625",3,2,"Rent",2,"Close",18700,0,"Low",12,289
"626",1,2,"Own",1,"Close",107400,1,"High",24,1821
"627",3,1,"Rent",2,"Far",28900,0,"Medium",24,905
"628",1,2,"Rent",1,"Close",38400,2,"Low",6,188
"629",1,2,"Rent",2,"Close",54200,0,NA,18,1405
"630",2,2,"Own",1,"Close",102700,0,NA,18,2381
"631",3,1,"Rent",2,"Close",13300,1,"Low",6,184
"632",1,2,"Own",2,"Close",60200,3,NA,12,1364
"633",3,2,"Rent",2,"Close",21400,0,NA,12,414
"634",3,1,"Rent",2,"Close",21700,2,NA,6,387
"635",3,2,"Rent",2,"Close",23200,1,"Low",24,504
"636",1,2,"Own",1,"Close",64800,2,"Medium",12,574
"637",1,2,"Rent",2,"Close",55600,0,"Medium",6,984
"638",1,2,"Own",1,"Far",89500,0,"High",24,5209
"639",3,1,"Rent",2,"Far",12500,1,NA,12,422
"640",1,2,"Own",1,"Close",87000,0,"High",24,1594
"641",1,1,"Rent",2,"Far",31200,3,NA,24,1087
"642",3,1,"Rent",2,"Close",13700,1,NA,6,163
"643",1,2,"Own",2,"Close",55500,3,"Low",18,427
"644",1,1,"Rent",2,"Close",58600,1,"Medium",6,624
"645",3,1,"Own",1,"Far",55900,1,NA,6,788
"646",3,1,"Rent",2,"Far",13700,2,NA,24,414
"647",2,1,"Own",1,"Far",81400,0,"High",24,3001
"648",2,1,"Own",1,"Close",90500,0,"High",6,863
"649",1,1,"Own",1,"Close",82200,1,NA,12,1517
"650",1,2,"Own",1,"Far",65400,3,NA,6,836
"651",1,2,"Own",2,"Close",74400,0,"High",12,1152
"652",3,2,"Rent",1,"Far",63300,3,NA,6,1408
"653",3,2,"Rent",1,"Far",51600,0,NA,12,1082
"654",3,2,"Rent",1,"Far",55000,0,NA,12,1162
"655",1,1,"Own",2,"Close",43900,2,"Low",6,358
"656",3,1,"Own",2,"Close",20300,1,"Low",12,304
"657",3,1,"Own",2,"Far",16300,0,NA,12,360
"658",1,2,"Own",1,"Close",97600,2,"Medium",12,1162
"659",2,1,"Rent",2,"Far",15100,0,"Low",6,348
"660",3,1,"Rent",2,"Close",12500,3,NA,12,206
"661",3,1,"Rent",2,"Close",10600,2,"Low",12,114
"662",1,1,"Own",2,"Close",41300,1,NA,18,932
"663",3,1,"Own",2,"Close",27200,2,"Low",18,446
"664",1,2,"Own",1,"Close",102400,1,NA,12,2466
"665",3,1,"Own",2,"Far",27900,1,NA,12,576
"666",2,2,"Rent",1,"Far",23800,0,NA,12,428
"667",1,2,"Own",1,"Close",100000,1,"High",24,2247
"668",1,1,"Rent",1,"Far",43300,3,"Medium",24,716
"669",1,2,"Own",1,"Close",65800,1,NA,12,1017
"670",1,1,"Own",1,"Close",49700,2,"Low",18,613
"671",1,1,"Rent",1,"Close",82300,2,"Medium",12,580
"672",1,2,"Rent",2,"Close",41200,0,"Medium",12,841
"673",3,2,"Rent",2,"Close",29200,0,"Low",18,737
"674",1,1,"Own",2,"Close",51900,2,NA,12,1162
"675",1,1,"Own",1,"Close",85500,2,"Medium",18,895
"676",3,1,"Rent",2,"Far",12400,3,"Low",18,205
"677",1,1,"Own",1,"Close",111900,1,NA,12,2340
"678",1,1,"Rent",2,"Close",40400,1,"Low",24,630
"679",3,2,"Rent",2,"Far",10900,0,"Low",24,407
"680",1,2,"Own",1,"Close",82400,3,NA,18,2122
"681",3,1,"Rent",2,"Close",13200,1,"Low",12,227
"682",1,2,"Rent",2,"Close",57800,0,"Medium",24,1149
"683",2,1,"Own",1,"Close",52200,1,"Medium",12,669
"684",1,2,"Rent",1,"Far",64600,2,NA,24,2935
"685",1,1,"Own",2,"Close",43100,0,NA,24,1444
"686",2,1,"Own",1,"Far",40100,0,"Medium",12,1384
"687",2,2,"Own",1,"Close",84500,0,NA,12,1557
"688",2,2,"Rent",1,"Close",34500,0,"Medium",12,802
"689",3,1,"Rent",1,"Close",61000,1,NA,18,1611
"690",2,1,"Own",1,"Far",79300,0,NA,12,2047
"691",1,2,"Rent",2,"Close",44500,0,"Medium",24,1175
"692",3,2,"Rent",1,"Close",39700,0,"Medium",18,1011
"693",2,1,"Own",2,"Close",30300,0,"Low",18,1062
"694",3,1,"Rent",2,"Close",20100,1,"Low",12,271
"695",2,2,"Own",1,"Far",86500,0,"High",24,2690
"696",2,1,"Rent",2,"Close",42500,0,"Medium",24,918
"697",1,2,"Own",1,"Close",102300,0,"High",24,2438
"698",1,1,"Own",2,"Far",52600,2,"Medium",12,1307
"699",1,1,"Rent",2,"Far",37800,2,NA,12,1185
"700",3,1,"Rent",2,"Close",20300,2,"Low",12,180
"701",1,2,"Own",1,"Close",71600,1,NA,12,1198
"702",3,2,"Rent",1,"Close",54500,1,"Medium",18,1001
"703",1,2,"Rent",2,"Close",54700,0,"Medium",24,1355
"704",1,2,"Rent",2,"Far",58600,2,NA,6,989
"705",1,2,"Rent",2,"Far",53800,0,"High",12,1803
"706",1,1,"Own",1,"Close",131500,3,NA,6,2840
"707",1,2,"Rent",2,"Far",52200,0,"High",24,1909
"708",3,2,"Rent",1,"Close",37200,1,"Low",6,247
"709",3,2,"Rent",2,"Far",22900,1,NA,12,814
"710",3,2,"Rent",1,"Close",55500,3,"Low",12,216
"711",3,1,"Rent",2,"Far",12800,1,NA,24,365
"712",3,1,"Rent",2,"Close",17600,2,"Low",18,163
"713",2,1,"Own",2,"Far",28300,0,"Medium",24,933
"714",2,2,"Own",2,"Close",41900,0,"Medium",6,654
"715",3,1,"Rent",2,"Close",14100,3,NA,6,153
"716",1,2,"Rent",2,"Close",52100,0,NA,12,1668
"717",1,2,"Rent",2,"Far",38700,1,"Medium",18,1009
"718",1,1,"Rent",2,"Far",44100,1,"Medium",18,1659
"719",1,2,"Own",1,"Far",79200,1,"High",6,1905
"720",3,1,"Rent",2,"Close",22600,3,NA,6,521
"721",1,2,"Rent",2,"Close",55100,2,NA,6,826
"722",2,1,"Own",1,"Far",70400,0,"High",18,2610
"723",1,2,"Own",1,"Close",107300,2,"Medium",24,1194
"724",1,1,"Rent",1,"Close",66500,1,NA,24,1181
"725",3,2,"Rent",2,"Close",10200,0,NA,24,362
"726",3,1,"Own",2,"Far",41000,1,"Medium",12,768
"727",1,1,"Rent",2,"Close",26200,1,"Low",12,381
"728",1,2,"Rent",1,"Far",72200,3,"Medium",18,1811
"729",1,2,"Rent",2,"Far",36700,1,"Medium",24,1218
"730",2,2,"Own",1,"Far",74500,0,NA,18,1413
"731",1,1,"Own",2,"Close",60200,1,NA,12,1748
"732",2,2,"Rent",2,"Close",34500,0,"Medium",24,639
"733",2,1,"Own",1,"Close",83700,0,"High",18,1582
"734",3,2,"Rent",2,"Far",14800,1,NA,12,376
"735",1,2,"Own",1,"Close",106400,0,NA,12,1757
"736",3,1,"Rent",1,"Close",42000,3,"Low",6,105
"737",1,2,"Rent",1,"Close",118800,0,"High",12,2631
"738",3,1,"Own",2,"Far",21900,2,"Low",24,486
"739",1,2,"Rent",2,"Close",39500,1,NA,6,412
"740",1,2,"Rent",2,"Close",45900,0,"Medium",12,716
"741",3,1,"Rent",1,"Close",37100,2,"Low",24,653
"742",1,1,"Rent",2,"Close",28200,1,"Low",6,224
"743",1,2,"Rent",1,"Close",74600,2,"Medium",18,705
"744",1,2,"Own",1,"Close",122700,1,NA,18,4984
"745",3,1,"Rent",2,"Close",14200,2,"Low",18,197
"746",1,2,"Own",1,"Far",75500,0,NA,18,2450
"747",1,2,"Own",2,"Close",62900,0,NA,24,2561
"748",3,2,"Rent",2,"Far",19400,0,"Low",6,563
"749",1,1,"Rent",2,"Close",46600,0,NA,12,546
"750",1,2,"Own",1,"Far",79700,1,"High",24,3384
"751",1,2,"Own",2,"Close",45900,2,"Low",12,416
"752",2,1,"Own",1,"Close",42800,0,"Medium",6,685
"753",2,2,"Own",1,"Far",65500,0,"High",24,1931
"754",2,1,"Rent",2,"Close",33600,0,"Medium",12,573
"755",1,1,"Own",2,"Far",55600,1,"High",18,1553
"756",3,1,"Rent",2,"Close",24000,2,NA,6,362
"757",3,2,"Rent",2,"Far",25700,0,"Medium",18,907
"758",2,1,"Own",1,"Close",21500,0,"Low",18,445
"759",2,1,"Rent",1,"Close",68600,0,"High",18,1342
"760",3,1,"Rent",2,"Far",23100,2,"Low",12,457
"761",1,1,"Rent",1,"Close",53300,0,"Medium",24,1598
"762",2,1,"Own",1,"Close",112800,0,"High",12,1861
"763",2,2,"Own",1,"Close",124900,0,"High",18,4109
"764",1,1,"Own",2,"Close",72200,0,NA,18,3278
"765",1,2,"Rent",2,"Close",35100,1,"Low",6,421
"766",2,1,"Rent",2,"Close",14900,0,NA,12,275
"767",1,2,"Rent",2,"Close",72000,0,"High",12,1475
"768",1,2,"Own",1,"Close",82400,0,"High",18,1779
"769",3,2,"Rent",1,"Close",41600,3,NA,24,1634
"770",1,1,"Own",1,"Close",68500,2,NA,12,1500
"771",3,2,"Own",1,"Close",62200,0,"High",24,1348
"772",2,1,"Own",2,"Close",35900,0,NA,12,962
"773",3,2,"Rent",2,"Close",14100,0,"Low",12,328
"774",3,1,"Rent",1,"Close",36500,1,NA,18,747
"775",1,1,"Own",1,"Close",86400,1,"High",12,1713
"776",2,1,"Rent",1,"Close",39500,0,"Medium",12,1006
"777",2,2,"Own",1,"Close",85300,0,NA,12,2523
"778",2,1,"Own",1,"Close",110700,0,"High",12,2458
"779",3,2,"Rent",2,"Far",17700,0,"Low",18,742
"780",3,1,"Rent",1,"Far",33200,1,NA,24,1639
"781",1,1,"Own",2,"Close",53800,0,"Medium",12,843
"782",2,2,"Rent",2,"Close",44400,0,"Medium",18,886
"783",1,1,"Rent",1,"Close",135700,1,"High",24,2746
"784",3,1,"Rent",2,"Far",20700,1,"Low",12,550
"785",1,2,"Rent",1,"Far",83500,2,"High",24,2098
"786",1,1,"Rent",1,"Close",84200,2,"Medium",24,954
"787",1,1,"Rent",1,"Close",79900,1,"Medium",12,1041
"788",2,1,"Rent",2,"Far",19700,0,"Low",6,535
"789",1,1,"Rent",2,"Close",35300,0,NA,18,1369
"790",2,2,"Own",1,"Far",52000,0,"High",18,2545
"791",3,2,"Rent",2,"Close",21300,1,NA,12,329
"792",1,2,"Own",2,"Close",63700,0,NA,6,1351
"793",2,1,"Own",1,"Close",25900,0,"Low",18,582
"794",1,2,"Rent",1,"Close",65800,2,"Medium",18,578
"795",2,1,"Rent",2,"Close",11000,0,NA,24,195
"796",2,1,"Rent",1,"Close",65900,0,"High",12,777
"797",1,1,"Own",1,"Close",108100,1,"High",12,1133
"798",1,2,"Own",1,"Close",107300,2,"Medium",18,1566
"799",1,1,"Rent",1,"Close",79500,0,"High",12,1651
"800",1,1,"Rent",1,"Close",95900,0,NA,24,3168
"801",1,2,"Rent",2,"Close",45200,1,"Medium",18,699
"802",1,2,"Own",1,"Close",98500,0,"High",18,2034
"803",2,1,"Own",1,"Close",96200,0,"High",12,1457
"804",3,2,"Rent",2,"Close",17900,0,NA,18,395
"805",1,2,"Own",1,"Close",42700,0,"Medium",6,541
"806",1,2,"Own",2,"Far",49700,0,"High",24,2844
"807",1,1,"Rent",2,"Close",43000,3,"Low",24,225
"808",3,1,"Rent",2,"Close",15500,1,"Low",6,210
"809",3,2,"Rent",2,"Close",13000,3,"Low",6,43
"810",1,1,"Rent",2,"Close",27200,3,"Low",24,243
"811",2,1,"Own",1,"Close",26700,0,"Low",24,1120
"812",2,2,"Own",2,"Far",61000,0,"High",6,975
"813",1,1,"Own",1,"Close",76600,3,NA,24,2904
"814",1,2,"Own",1,"Close",117500,2,"Medium",12,927
"815",2,2,"Own",1,"Close",90600,0,"High",24,3167
"816",3,1,"Rent",2,"Far",12600,0,"Low",6,241
"817",2,1,"Own",2,"Close",12700,2,"Low",6,65
"818",1,1,"Own",1,"Far",77600,3,"Medium",12,858
"819",1,1,"Rent",1,"Far",92400,1,NA,6,2191
"820",2,1,"Rent",1,"Close",71800,0,"High",24,1946
"821",1,2,"Own",1,"Far",95800,3,NA,12,2581
"822",3,1,"Own",2,"Close",32600,3,"Low",12,172
"823",1,2,"Own",1,"Close",74500,2,"Medium",12,824
"824",2,1,"Rent",2,"Close",29200,0,"Low",12,556
"825",3,1,"Rent",2,"Far",12900,1,"Low",6,167
"826",1,2,"Rent",1,"Close",117700,1,"High",12,2104
"827",1,1,"Own",1,"Close",64100,1,"Medium",18,1332
"828",1,1,"Rent",2,"Close",46500,1,"Medium",24,829
"829",3,1,"Rent",2,"Close",12400,1,NA,12,229
"830",1,2,"Own",1,"Far",130600,0,"High",18,3442
"831",1,2,"Own",1,"Far",74400,0,"High",6,1893
"832",2,1,"Own",2,"Far",40600,2,"Medium",6,690
"833",3,1,"Rent",1,"Close",54200,1,"Medium",6,486
"834",1,2,"Own",2,"Far",65400,1,"High",12,2290
"835",1,2,"Rent",2,"Close",49100,0,NA,6,934
"836",3,1,"Rent",2,"Close",10600,2,NA,24,517
"837",3,1,"Rent",1,"Close",76400,0,NA,12,2216
"838",1,1,"Rent",1,"Close",93700,1,"High",24,1521
"839",1,2,"Rent",2,"Far",49000,0,"High",18,1523
"840",1,1,"Own",1,"Close",96500,1,"High",18,1364
"841",1,2,"Own",2,"Close",55600,0,NA,12,952
"842",1,2,"Own",1,"Close",99600,1,"High",6,871
"843",1,1,"Own",1,"Close",79900,3,"Low",12,295
"844",2,1,"Rent",1,"Close",50500,0,"Medium",12,642
"845",2,1,"Own",2,"Far",16300,0,"Low",6,317
"846",2,1,"Own",1,"Close",49200,0,"Medium",12,1078
"847",1,2,"Own",2,"Far",48100,2,"Medium",18,961
"848",1,2,"Own",2,"Far",61300,2,"High",24,1241
"849",1,1,"Own",1,"Close",72600,1,NA,18,1999
"850",3,2,"Rent",2,"Far",19500,0,NA,24,571
"851",3,1,"Rent",2,"Close",17200,1,NA,12,329
"852",1,2,"Rent",2,"Far",51100,0,"High",24,1984
"853",1,2,"Own",2,"Close",76800,1,"Medium",18,1061
"854",1,2,"Own",2,"Far",60200,0,"High",12,1955
"855",1,2,"Rent",2,"Close",59100,2,"Low",18,580
"856",2,1,"Own",2,"Close",32500,0,"Medium",24,883
"857",1,1,"Rent",2,"Far",49500,2,"Medium",12,1195
"858",1,2,"Own",1,"Close",109600,1,"High",12,2318
"859",3,1,"Rent",1,"Close",47300,0,NA,6,640
"860",1,2,"Rent",1,"Close",93000,1,"High",24,2644
"861",3,1,"Own",2,"Far",32000,1,NA,24,1320
"862",3,1,"Own",2,"Close",44700,1,"Medium",6,502
"863",2,1,"Own",1,"Close",69400,0,"High",18,2419
"864",1,2,"Own",1,"Close",64300,2,"Medium",6,661
"865",1,2,"Own",2,"Far",75400,0,"High",24,2723
"866",1,2,"Own",1,"Close",96100,0,"High",6,1588
"867",2,1,"Own",1,"Close",118000,3,"Low",12,581
"868",3,2,"Rent",1,"Close",69700,1,"Medium",12,1432
"869",2,2,"Own",2,"Close",59300,0,"Medium",12,929
"870",1,1,"Rent",1,"Close",88600,3,"Low",6,212
"871",1,2,"Own",1,"Close",102600,0,"High",18,2546
"872",1,2,"Rent",2,"Close",43700,0,NA,18,1344
"873",2,1,"Own",1,"Close",22400,0,NA,24,947
"874",1,2,"Rent",1,"Far",70500,1,NA,24,2145
"875",1,2,"Own",1,"Close",54200,1,"Medium",6,757
"876",1,1,"Own",2,"Far",25300,1,NA,6,451
"877",2,2,"Own",1,"Close",116100,1,"High",24,2975
"878",3,1,"Rent",2,"Close",15900,0,NA,18,406
"879",1,1,"Own",2,"Close",46600,3,"Low",6,158
"880",3,2,"Own",2,"Close",23200,0,NA,24,534
"881",3,2,"Rent",2,"Close",18200,0,"Low",12,401
"882",1,1,"Own",1,"Close",82700,1,"High",18,1753
"883",3,1,"Rent",2,"Close",17000,0,"Low",18,659
"884",1,2,"Own",1,"Close",83000,2,"Medium",6,726
"885",3,1,"Own",1,"Close",42400,1,NA,18,1166
"886",2,2,"Own",2,"Close",40200,2,NA,18,1197
"887",3,1,"Rent",2,"Far",17300,0,"Low",6,411
"888",1,1,"Own",1,"Close",109800,1,"High",24,2258
"889",1,1,"Own",2,"Far",64400,3,"Medium",24,1913
"890",3,1,"Rent",2,"Far",27600,1,"Medium",24,893
"891",3,1,"Rent",2,"Close",25100,1,NA,6,421
"892",1,1,"Own",2,"Close",46300,3,NA,6,1138
"893",2,1,"Own",1,"Far",74900,0,NA,12,1804
"894",1,2,"Own",2,"Close",67900,0,"High",18,1418
"895",1,2,"Rent",1,"Close",88500,2,"Medium",24,1104
"896",1,2,"Own",1,"Close",99200,3,NA,12,2796
"897",2,1,"Own",1,"Close",62800,0,"High",18,1403
"898",2,2,"Own",1,"Far",76900,2,"High",24,3230
"899",1,2,"Own",1,"Close",84100,3,NA,6,1352
"900",2,1,"Own",1,"Close",77600,0,"High",18,2004
"901",3,1,"Rent",2,"Close",19100,1,"Low",18,403
"902",2,1,"Own",1,"Far",128700,0,"High",24,3995
"903",3,1,"Rent",2,"Far",14400,1,"Low",6,390
"904",2,2,"Rent",1,"Close",49600,0,"Medium",6,770
"905",1,1,"Rent",2,"Close",47000,0,NA,6,963
"906",3,1,"Rent",1,"Close",36600,0,"Medium",6,833
"907",1,1,"Own",2,"Close",65800,1,"Medium",12,869
"908",1,2,"Rent",1,"Far",52800,2,"Medium",12,926
"909",1,2,"Own",1,"Close",96500,0,"High",24,3780
"910",1,1,"Rent",1,"Close",63500,1,"Medium",18,1023
"911",1,2,"Rent",2,"Close",60400,1,"Medium",6,791
"912",1,2,"Own",1,"Close",102700,3,NA,12,1473
"913",1,2,"Own",1,"Close",100100,2,NA,6,1597
"914",1,2,"Rent",2,"Close",54400,0,"Medium",6,1150
"915",1,2,"Rent",1,"Close",105600,3,"Low",6,304
"916",2,1,"Own",1,"Far",57900,0,"High",12,1693
"917",3,2,"Own",2,"Close",31500,3,"Low",18,269
"918",1,1,"Rent",1,"Far",60100,1,"High",18,1430
"919",1,2,"Rent",1,"Close",87400,2,NA,18,2729
"920",1,2,"Own",1,"Close",117900,0,"High",6,1760
"921",1,2,"Own",2,"Close",48800,1,"Medium",24,1271
"922",1,1,"Own",1,"Close",67900,3,"Low",12,356
"923",2,2,"Rent",1,"Far",66200,0,NA,6,1024
"924",1,2,"Rent",1,"Close",88000,2,"Medium",6,524
"925",1,2,"Rent",1,"Close",94200,1,"High",18,1211
"926",3,1,"Rent",2,"Close",29200,3,NA,6,636
"927",3,2,"Rent",2,"Far",15300,0,"Low",24,645
"928",3,2,"Rent",2,"Far",17500,0,"Low",18,472
"929",2,2,"Own",1,"Close",168800,0,"High",6,1512
"930",1,2,"Rent",2,"Far",40200,0,"High",18,1634
"931",3,2,"Rent",2,"Close",28400,3,"Low",18,182
"932",1,2,"Rent",1,"Far",72200,3,"Medium",18,1042
"933",1,1,"Own",2,"Far",55200,0,"High",18,1714
"934",1,1,"Rent",2,"Close",44600,0,"Medium",18,966
"935",1,2,"Own",2,"Close",58400,0,"Medium",12,829
"936",1,1,"Own",2,"Close",67800,1,"Medium",6,680
"937",2,1,"Own",2,"Close",25500,0,"Low",18,636
"938",3,1,"Rent",2,"Far",20000,3,"Low",6,182
"939",1,2,"Rent",2,"Far",52600,1,NA,18,1773
"940",1,2,"Rent",1,"Far",97600,1,NA,12,2902
"941",2,2,"Own",1,"Close",23400,0,"Low",6,348
"942",1,1,"Own",1,"Close",102500,3,"Low",12,548
"943",1,1,"Own",1,"Far",52300,1,"High",18,2034
"944",1,2,"Rent",2,"Far",65400,0,"High",12,2296
"945",3,2,"Rent",2,"Close",19600,0,"Low",12,395
"946",2,2,"Own",1,"Far",37000,0,"Medium",12,850
"947",3,1,"Rent",2,"Far",13200,0,NA,18,512
"948",1,2,"Rent",2,"Close",63800,1,"Medium",24,1622
"949",2,1,"Rent",2,"Far",22600,0,NA,12,865
"950",2,1,"Own",2,"Close",37300,0,"Medium",6,673
"951",3,2,"Rent",2,"Far",14900,1,NA,12,422
"952",1,1,"Own",2,"Close",36700,1,NA,6,529
"953",1,2,"Own",2,"Close",63200,0,"High",24,1932
"954",2,2,"Own",1,"Close",77300,0,"High",18,1853
"955",1,2,"Rent",2,"Close",43100,1,NA,12,1224
"956",1,1,"Rent",2,"Far",44800,1,"Medium",6,666
"957",2,1,"Rent",1,"Close",70900,0,"High",24,1685
"958",1,1,"Rent",2,"Far",38200,0,"Medium",24,1476
"959",3,1,"Rent",2,"Far",18400,1,"Low",6,319
"960",1,1,"Rent",2,"Close",40700,3,"Low",18,232
"961",2,2,"Own",2,"Close",71300,0,"High",18,1543
"962",1,1,"Rent",2,"Close",36400,2,"Low",18,506
"963",3,2,"Rent",2,"Close",15400,0,"Low",6,172
"964",1,2,"Own",2,"Far",39100,1,"Medium",12,1001
"965",1,2,"Rent",2,"Close",43800,0,"Medium",12,606
"966",3,2,"Rent",2,"Far",25300,0,"Medium",12,591
"967",2,2,"Rent",1,"Close",71800,0,"High",12,1389
"968",1,2,"Own",2,"Close",73200,0,"High",24,2177
"969",1,2,"Own",1,"Far",79000,1,"High",18,2279
"970",1,1,"Rent",1,"Close",75200,1,NA,24,2702
"971",3,1,"Rent",2,"Close",25300,3,NA,6,510
"972",2,1,"Own",1,"Close",43600,0,"Medium",12,1047
"973",1,2,"Own",1,"Close",83600,2,"Medium",6,538
"974",1,1,"Own",2,"Far",56200,0,"High",18,1546
"975",3,2,"Rent",1,"Close",45500,0,"Medium",6,754
"976",1,2,"Own",1,"Close",99300,1,"High",12,1504
"977",1,2,"Own",1,"Far",108000,3,"High",24,1849
"978",1,1,"Own",1,"Far",84900,1,"High",24,3072
"979",1,2,"Own",1,"Far",93000,3,"High",6,1046
"980",1,1,"Own",1,"Close",82000,0,"High",18,1800
"981",2,1,"Own",2,"Close",33000,3,NA,6,700
"982",1,1,"Own",2,"Close",36900,2,"Low",24,514
"983",1,1,"Rent",2,"Close",33200,1,NA,6,320
"984",3,2,"Rent",1,"Close",49300,0,NA,24,1692
"985",2,2,"Rent",1,"Far",66200,0,"High",24,2057
"986",1,2,"Own",1,"Far",96800,2,"High",18,2299
"987",2,2,"Own",2,"Close",63200,0,"High",24,1507
"988",2,2,"Own",1,"Far",112900,0,"High",24,6217
"989",1,1,"Rent",2,"Close",32100,2,"Low",24,405
"990",1,2,"Own",1,"Far",102700,1,"High",18,3785
"991",1,2,"Own",1,"Close",123800,2,NA,18,3537
"992",2,1,"Rent",2,"Far",11700,0,"Low",18,540
"993",1,2,"Own",1,"Close",101700,1,NA,6,941
"994",1,1,"Own",1,"Far",99200,0,"High",24,5503
"995",3,2,"Rent",2,"Close",17600,0,NA,6,273
"996",3,1,"Rent",2,"Close",19400,1,NA,18,384
"997",1,2,"Rent",2,"Far",40500,1,NA,18,1073
"998",2,2,"Own",2,"Close",44800,0,"Medium",24,1417
"999",1,2,"Own",1,"Close",79000,2,"Medium",18,671
"1000",3,2,"Rent",1,"Close",53600,1,"Medium",24,973
