Hospital,Provincia,town,Público,Privado,Twitter,Facebook,Blog,Wikipedia,Youtube,Googleplus,Linkedin,Web,,
COMPLEJO HOSPITALARIO DE ESPECIALIDADES TORRECÁRDENAS,Almería,Almería,1,0,0,0,0,1,0,0,0,1,,
COMPLEJO HOSPITALARIO DE PONIENTE,Almería,Ejido (El),1,0,1,0,0,1,0,0,0,1,,
HOSPIRAL  MEDITERRÁNEO,Almería,Almería,0,1,1,1,0,0,0,0,0,1,,
HOSPITAL COMARCAL LA INMACULADA,Almería,Huércal-Overa,1,0,0,0,0,1,0,0,0,1,,
HOSPITAL DE ALTA RESOLUCION EL TOYO,Almería,Almería,1,0,0,0,0,1,0,0,0,1,,
HOSPITAL VIRGEN DEL MAR,Almería,Almería,0,1,1,1,0,0,0,0,0,1,,
CENTRO MÉDICO CHICLANA,Cádiz,Chiclana de la Frontera,0,1,0,0,0,0,1,0,0,1,,
CLINICA  LOS ÁLAMOS,Cádiz,Jerez de la Frontera,0,1,1,1,0,0,0,0,0,1,,
CLINICA NOVO SANCTI PETRI,Cádiz,Chiclana de la Frontera,0,1,1,1,0,0,1,0,0,1,,
CLÍNICA NUESTRA SEÑORA DE LA SALUD,Cádiz,Cádiz,0,1,1,1,0,0,0,0,0,1,,
CLINICA SERMAN,Cádiz,Jerez de la Frontera,0,1,1,1,0,0,1,1,0,1,,
HOSPITAL  PUERTA DEL MAR,Cádiz,Cádiz,1,0,1,1,0,1,0,0,0,1,,
HOSPITAL DE ESPECIALIDADES DE JEREZ DE LA FRONTERA,Cádiz,Jerez de la Frontera,1,0,0,0,0,1,0,0,0,1,,
HOSPITAL GENERAL SANTA MARÍA DEL PUERTO,Cádiz,Puerto de Santa María (El),0,1,0,0,0,0,0,0,0,1,,
HOSPITAL JEREZ  PUERTA DEL SUR,Cádiz,Jerez de la Frontera,0,1,1,1,0,0,0,0,1,1,,
HOSPITAL SAN JUAN GRANDE,Cádiz,Jerez de la Frontera,0,1,1,1,0,0,1,1,0,1,,
HOSPITAL SAN RAFAEL,Cádiz,Cádiz,0,1,0,1,0,1,1,0,0,1,,
HOSPITAL UNIVERSITARO PUERTO REAL,Cádiz,Puerto Real,1,0,1,1,0,1,0,0,0,0,,
HOSPITAL VIRGEN DE LAS MONTAÑAS,Cádiz,Villamartín,0,1,0,0,0,0,0,0,0,1,,
HOSPITAL VIRGEN DEL CAMINO,Cádiz,Sanlúcar de Barrameda,1,1,0,0,0,1,0,0,0,1,,
COMPLEJO HOSPITALARIO REGIONAL REINA SOFÍA,Córdoba,Córdoba,1,0,0,0,0,0,0,0,0,1,,
HOSPITAL COMARCAL  VALLE DE LOS PEDROCHES,Córdoba,Pozoblanco,1,0,0,0,0,0,0,0,0,0,,
HOSPITAL DE ALTA RESOLUCION DE PUENTE GENIL,Córdoba,Puente Genil,1,0,0,0,0,0,0,0,0,0,,
HOSPITAL DE ALTA RESOLUCIÓN VALLE DEL GUADIATO,Córdoba,Peñarroya-Pueblonuevo,1,0,0,0,0,0,0,0,0,0,,
HOSPITAL DE LA CRUZ ROJA DE CÓRDOBA,Córdoba,Córdoba,0,1,1,1,0,0,0,0,0,1,,
HOSPITAL DE MONTILLA,Córdoba,Montilla,1,0,0,0,0,0,0,0,0,0,,
HOSPITAL INFANTA MARGARITA,Córdoba,Cabra,1,0,1,1,1,1,1,1,0,1,,
HOSPITAL LA ARRUZAFA,Córdoba,Córdoba,0,1,1,0,0,0,1,1,0,1,,
HOSPITAL SAN JUAN DE DIOS DE CÓRDOBA,Córdoba,Córdoba,0,1,0,0,0,0,0,1,0,1,,
COMPLEJO HOSPITALARIO REGIONAL VIRGEN DE LAS NIEVES,Granada,Granada,1,0,1,1,0,1,1,0,0,1,,
HOSPITAL COMARCAL DE BAZA,Granada,Baza,1,0,0,0,0,1,0,0,0,0,,
HOSPITAL COMARCAL SANTA ANA DE MOTRIL,Granada,Motril,1,0,0,0,0,1,0,0,0,1,,
HOSPITAL DE ALTA RESOLUCION DE GUADIX,Granada,Guadix,1,0,0,0,0,0,0,0,0,1,,
HOSPITAL DE LA INMACULADA CONCEPCIÓN,Granada,Granada,0,1,1,1,1,0,1,1,0,1,,
HOSPITAL LA SALUD,Granada,Granada,0,1,0,0,0,0,0,0,0,1,,
HOSPITAL SAN RAFAEL,Granada,Granada,0,1,0,1,0,1,1,0,0,1,,
HOSPITAL UNIVERSITARIO SAN CECILIO,Granada,Granada,1,0,1,1,0,1,1,0,0,1,,
CLÍNICA LOS NARANJOS,Huelva,Huelva,0,1,1,1,0,0,0,0,0,1,,
COMPLEJO HOSPITALARIO DE ESPECIALIDADES JUAN RAMÓN JIMENEZ,Huelva,Huelva,1,0,0,0,0,0,0,0,0,0,,
HOSPITAL BLANCA PALOMA,Huelva,Huelva,0,1,0,0,0,0,0,0,0,0,,
HOSPITAL COMARCAL DE RIOTINTO,Huelva,Minas de Riotinto,1,0,0,0,0,1,0,0,0,0,,
HOSPITAL COSTA DE LA LUZ,Huelva,Huelva,0,1,1,1,0,0,1,0,0,1,,
CLÍNICA CRISTO REY,Jaén,Jaén,0,1,0,0,0,0,0,0,0,1,,
COMPLEJO HOSPITALARIO  DE JAÉN,Jaén,Jaén,1,0,1,0,0,0,0,0,0,1,,
HOSPITAL ALTO GUADALQUIVIR,Jaén,Andújar,1,0,0,0,0,0,0,0,1,1,,
HOSPITAL COMARCAL  SAN JUAN DE LA CRUZ,Jaén,Úbeda,1,0,0,0,0,1,0,0,0,0,,
HOSPITAL COMARCAL SAN AGUSTÍN,Jaén,Linares,1,0,0,0,0,0,0,0,0,0,,
HOSPITAL DE ALTA RESOLUCIÓN DE ALCALÁ LA REAL,Jaén,Alcalá la Real,1,0,0,0,0,0,0,0,0,1,,
HOSPITAL DE ALTA RESOLUCION DE ALCAUDETE,Jaén,Alcaudete,1,0,0,0,0,0,0,0,0,0,,
HOSPITAL DE ALTA RESOLUCION SIERRA DE SEGURA,Jaén,Puente de Génave,1,0,0,0,0,0,0,0,0,0,,
CENTRO ASISTENCIAL SAN JUAN DE DIOS,Malaga,Málaga,0,1,0,0,0,0,0,0,0,1,,
CENTRO ASISTTENCIAL HNAS. HOSP. DEL SAGRADO CORAZÓN DE JESÚS,Malaga,Málaga,0,1,0,0,0,0,0,0,0,1,,
CENTRO CLÍNICO OCHOA,Malaga,Marbella,0,1,1,1,1,0,1,0,0,1,,
CENTRO DE CUIDADOS PALIATIVOS,Malaga,Benalmádena,0,1,1,1,0,0,0,0,0,1,,
CLÍNICA EL SERANIL S.L.,Malaga,Vélez-Málaga,0,1,1,1,0,0,0,1,0,1,,
CLÍNICA MARBELLA HIGH CARE,Malaga,Marbella,0,1,1,1,1,0,1,0,0,1,,
CLÍNICA NUESTRA SRA. DEL PILAR S.A.,Malaga,Málaga,0,1,0,1,1,0,0,0,0,1,,
CLINICA PARQUE SAN ANTONIO,Malaga,Málaga,0,1,0,0,0,0,0,0,0,1,,
CLINICA RINCON BEJAR S.L.,Malaga,Rincón de la Victoria,0,1,0,0,0,0,0,0,0,0,,
CLíNICA RINCóN NERJA,Malaga,Nerja,0,1,0,0,0,0,0,0,0,0,,
CLÍNICA SANTA ELENA,Malaga,Torremolinos,0,1,1,1,0,0,0,0,0,1,,
COMPLEJO HOSPITALARIO DE ESPECIALIDADES VIRGEN DE LA VICTORIA,Malaga,Málaga,1,0,1,1,1,0,0,0,0,1,,
COMPLEJO HOSPITALARIO INTEGRAL PRIVADO (CHIP),Malaga,Málaga,0,1,1,1,0,0,1,0,0,1,,
COMPLEJO HOSPITALARIO REGIONAL UNIVERSITARIO DE MÁLAGA,Malaga,Málaga,1,0,1,0,0,1,0,0,0,1,,
COMUNIDAD TERAPEUTICA SAN ANTONIO,Malaga,Málaga,0,1,0,0,0,1,0,0,0,0,,
HOSPITAL  COMARCAL DE LA AXARQUÍA,Malaga,Vélez-Málaga,1,0,0,0,0,0,0,0,0,0,,
HOSPITAL  F.A.C. DOCTOR PASCUAL,Malaga,Málaga,0,1,0,0,0,0,0,0,0,0,,
HOSPITAL CENTRO DE REPRODUCCIóN ASISTIDA DE MARBELLA (CERAM),Malaga,Marbella,0,1,1,1,1,0,0,1,0,1,,
HOSPITAL COMARCAL DE ANTEQUERA,Malaga,Antequera,1,0,0,0,0,0,0,0,0,0,,
HOSPITAL COMARCAL DE LA SERRANÍA,Malaga,Ronda,1,0,0,0,0,1,0,0,0,0,,
HOSPITAL COSTA DEL SOL,Malaga,Marbella,1,0,1,0,0,1,0,0,0,1,,
HOSPITAL DE ALTA RESOLUCIÓN DE BENALMÁDENA,Malaga,Benalmádena,1,0,0,0,0,0,0,0,0,0,,
HOSPITAL DOCTOR GALVEZ,Malaga,Málaga,0,1,1,1,0,0,1,1,0,1,,
HOSPITAL EL ÁNGEL,Malaga,Málaga,0,1,0,1,0,0,0,0,0,1,,
HOSPITAL PSIQUIÁTRICO SAN FRANCISCO DE ASÍS,Malaga,Málaga,0,1,0,0,0,0,0,0,0,1,,
HOSPITAL QUIRON,Malaga,Málaga,0,1,0,0,0,0,0,0,0,0,,
HOSPITAL QUIRÓN MARBELLA,Malaga,Marbella,0,1,0,0,0,0,0,0,0,0,,
HOSPITEN ESTEPONA,Malaga,Estepona,0,1,0,0,0,0,0,0,0,0,,
POLICLÍNICA LITORAL,Malaga,Málaga,0,1,0,0,0,0,0,0,0,1,,
ROYAL MARBELLA HOSPITAL,Malaga,Marbella,0,1,1,1,0,0,1,0,0,1,,
XANIT HOSPITAL INTERNACIONAL,Malaga,Benalmádena,0,1,1,1,1,0,1,1,1,1,,
CLÍNICA SAGRADO CORAZÓN,Sevilla,Sevilla,0,1,0,0,0,0,0,0,0,1,,
CLÍNICA SANTA ISABEL,Sevilla,Sevilla,0,1,1,1,0,0,0,0,0,1,,
CLINISUR S.A.,Sevilla,Sevilla,0,1,0,0,0,0,0,0,0,1,,
COMPLEJO HOSPITALARIO REGIONAL  VIRGEN MACARENA,Sevilla,Sevilla,1,0,0,0,0,0,0,0,0,0,,
COMPLEJO HOSPITALARIO REGIONAL VIRGEN DEL ROCÍO,Sevilla,Sevilla,1,0,0,0,0,0,0,0,0,0,,
HOSPITAL ALTA RESOLUCION DE UTRERA,Sevilla,Utrera,1,0,0,0,0,0,0,0,0,1,,
HOSPITAL CLÍNICA FREMAP  PREVENCIÓN Y REHABILITACIÓN,Sevilla,Sevilla,0,1,0,0,0,0,0,0,0,0,,
HOSPITAL CLÍNICA NTRA. SRA. DE FÁTIMA,Sevilla,Sevilla,0,1,1,0,0,0,0,0,1,1,,
HOSPITAL COMARCAL DE LA MERCED,Sevilla,Osuna,1,0,1,0,0,0,0,0,0,0,,
HOSPITAL DE ALTA RESOLUCIÓN DE ÉCIJA,Sevilla,Écija,1,0,0,0,0,0,0,0,0,1,,
HOSPITAL DE ALTA RESOLUCION MORÓN DE LA FRONTERA,Sevilla,Morón de la Frontera,1,0,0,0,0,0,0,0,0,1,,
HOSPITAL DE ALTA RESOLUCIÓN SIERRA NORTE,Sevilla,Constantina,1,0,0,0,0,0,0,0,0,0,,
HOSPITAL INFANTA LUISA,Sevilla,Sevilla,0,1,1,1,0,0,1,0,0,1,,
HOSPITAL NISA SEVILLA-ALJARAFE,Sevilla,Castilleja de la Cuesta,0,1,0,0,0,0,0,0,0,0,,
HOSPITAL PSIQUIÁTRICO PENITENCIARIO,Sevilla,Sevilla,0,1,0,0,0,0,0,0,0,0,,
HOSPITAL SAN AGUSTIN - O.R.L.,Sevilla,Dos Hermanas,0,1,1,1,0,0,1,0,0,1,,
HOSPITAL SAN JUAN DE DIOS DE EL ALJARAFE,Sevilla,Bormujos,1,0,0,0,0,0,0,0,0,1,,
HOSPITAL SAN JUAN DE DIOS DE SEVILLA,Sevilla,Sevilla,0,1,0,0,0,0,0,0,0,0,,
HOSPITAL SANTA ÁNGELA DE LA CRUZ,Sevilla,Sevilla,0,1,1,1,0,0,1,0,0,1,,
HOSPITAL VICTORIA EUGENIA DE LA CRUZ ROJA ESPAÑOLA,Sevilla,Sevilla,0,1,1,1,0,0,0,0,0,1,,
RESIDENCIA DE SALUD MENTAL NUESTRA SEÑORA DEL CARMEN,Sevilla,Bormujos,0,1,0,0,0,0,0,0,0,1,,
CENTRO DE DAÑO CEREBRAL SOBREVENIDO CASAVERDE,Alicante,Mutxamel,0,1,0,0,0,0,0,0,0,0,,
CLÍNICA CAZORLA,Alicante,Alicante/Alacant,0,1,0,1,1,0,1,0,1,1,,
CLINICA VISTAHERMOSA S.A.,Alicante,Alicante/Alacant,0,1,1,1,0,0,1,0,0,1,,
HOSPITAL  SAN VICENTE,Alicante,San Vicente del Raspeig/Sant Vicent del Raspeig,1,0,0,0,0,0,0,0,0,0,,
HOSPITAL CLÍNICA BENIDORM,Alicante,Benidorm,0,1,1,1,0,0,1,0,1,1,,
HOSPITAL DE DENIA,Alicante,Dénia,1,0,1,1,0,0,0,0,0,1,,
HOSPITAL DE LA MARINA BAIXA,Alicante,Villajoyosa/Vila Joiosa (la),1,0,1,1,0,0,0,0,0,1,,
HOSPITAL DEL PERPETUO SOCORRO.,Alicante,Alicante/Alacant,0,1,0,0,0,0,0,0,0,0,,
HOSPITAL GENERAL DE ELCHE,Alicante,Elche/Elx,1,0,1,1,0,1,1,0,0,1,,
HOSPITAL GENERAL DE ELDA-VIRGEN DE LA SALUD,Alicante,Elda,1,0,0,1,0,1,0,0,0,1,,
HOSPITAL GENERAL UNIVERSITARIO DE ALICANTE,Alicante,Alicante/Alacant,1,0,1,1,0,0,1,0,0,1,,
HOSPITAL IMED LEVANTE,Alicante,Benidorm,0,1,0,1,0,0,0,1,0,1,,
HOSPITAL INTERNACIONAL MEDIMAR S.A.,Alicante,Alicante/Alacant,0,1,1,1,0,0,1,0,0,1,,
HOSPITAL LA PEDRERA,Alicante,Dénia,1,0,1,1,0,0,1,0,0,1,,
HOSPITAL PRIVADO IMED ELCHE,Alicante,Elche/Elx,0,1,0,1,0,0,0,1,0,1,,
HOSPITAL PSIQUIÁTRICO PENITENCIARIO,Alicante,Alicante/Alacant,0,1,0,0,0,0,0,0,0,0,,
HOSPITAL QUIRON DE TORREVIEJA,Alicante,Torrevieja,0,1,1,0,0,0,0,0,0,1,,
HOSPITAL UNIVERSITARIO DE TORREVIEJA,Alicante,Torrevieja,1,0,1,1,0,0,0,0,0,1,,
HOSPITAL UNIVERSITARIO DE VINALOPÓ,Alicante,Elche/Elx,1,0,1,1,0,0,1,1,0,1,,
HOSPITAL UNIVERSITARIO SANT JOAN DE ALICANTE,Alicante,Sant Joan d'Alacant,1,0,0,1,0,0,1,0,0,1,,
HOSPITAL VEGA BAJA,Alicante,Orihuela,1,0,1,0,0,0,0,0,0,1,,
HOSPITAL VIRGEN DE LOS LIRIOS,Alicante,Alcoy/Alcoi,1,0,0,0,0,0,0,0,0,1,,
POLICLÍNICO SAN CARLOS S.L.,Alicante,Dénia,0,1,1,1,0,0,0,1,0,1,,
SANATORIO SAN FRANCISCO DE BORJA,Alicante,Vall de Laguar (la),0,1,1,1,0,1,1,1,1,1,,
SANATORIO SAN JORGE,Alicante,Alcoy/Alcoi,0,1,0,0,0,0,0,0,0,1,,
CONSORCIO HOSPITALARIO PROVINCIAL DE CASTELLÓN,Castellón,Castellón de la Plana/Castelló de la Plana,1,0,1,1,0,0,1,0,1,1,,
HOSPITAL COMARCAL DE VINAROS,Castellón,Vinaròs,1,0,1,0,0,0,0,0,0,0,,
HOSPITAL DE LA PLANA,Castellón,Villarreal/Vila-real,1,0,1,0,0,0,0,0,0,1,,
HOSPITAL LA MAGDALENA,Castellón,Castellón de la Plana/Castelló de la Plana,1,0,0,0,0,0,0,0,0,0,,
HOSPITAL REY DON JAIME,Castellón,Castellón de la Plana/Castelló de la Plana,0,1,0,0,0,0,0,0,0,0,,
HOSPITAL UNIVERSITARI GENERAL DE CASTELLÓ,Castellón,Castellón de la Plana/Castelló de la Plana,1,0,1,1,0,0,0,0,0,1,,
INSTITUTO DE TRAUMATOLOGÍA DE UNION DE MUTUAS,Castellón,Castellón de la Plana/Castelló de la Plana,0,1,0,0,0,0,0,0,0,0,,
CASA DE REPOSO SAN ONOFRE S.L.,Valencia,Godella,0,1,0,0,0,0,0,0,0,1,,
CENTRO MÉDICO GANDÍA,Valencia,Gandia,0,1,0,0,0,0,0,0,0,0,,
CLÍNICA CASA DE LA SALUD,Valencia,Valencia,0,1,0,0,0,0,0,0,0,1,,
CLÍNICA FONTANA,Valencia,Valencia,0,1,0,1,0,0,1,0,0,1,,
CLÍNICA QUIRÓN DE VALENCIA S.A.,Valencia,Valencia,0,1,0,0,0,1,0,0,0,0,,
CLINICA VIRGEN DEL CONSUELO,Valencia,Valencia,0,1,0,0,0,0,0,0,0,0,,
CONSORCIO HOSPITAL GENERAL UNIVERSITARIO DE VALENCIA,Valencia,Valencia,1,0,1,1,1,1,1,1,1,1,,
FUNDACIÓN INSTITUTO VALENCIANO DE ONCOLOGÍA,Valencia,Valencia,0,1,0,0,0,1,0,0,0,1,,
HOSPITAL 9 DE OCTUBRE,Valencia,Valencia,0,1,0,0,0,0,0,0,0,1,,
HOSPITAL AGUAS VIVAS,Valencia,Carcaixent,0,1,0,0,0,0,0,0,0,1,,
HOSPITAL ARNAU DE VILANOVA,Valencia,Valencia,1,0,1,1,0,0,0,0,0,0,,
HOSPITAL CLÍNICO UNIVERSITARIO,Valencia,Valencia,1,0,1,0,0,1,0,0,0,0,,
HOSPITAL DE CRÓNICOS DE MISLATA. ANTIGUO H. MILITAR DE VALENCIA,Valencia,Mislata,1,0,0,0,0,0,0,0,0,0,,
HOSPITAL DE LLIRIA,Valencia,Llíria,1,0,0,0,0,0,0,0,0,0,,
HOSPITAL DE MANISES,Valencia,Manises,1,0,1,0,1,0,1,0,0,1,,
HOSPITAL DE REQUENA,Valencia,Requena,1,0,1,0,0,0,0,0,0,0,,
HOSPITAL DE SAGUNTO,Valencia,Sagunto/Sagunt,1,0,0,0,0,0,0,0,0,1,,
HOSPITAL DE VALENCIA AL MAR,Valencia,Valencia,0,1,0,0,0,0,0,0,0,0,,
HOSPITAL DOCTOR MOLINER,Valencia,Serra,1,0,0,0,0,0,0,0,0,1,,
HOSPITAL FRANCESC DE BORJA DE GANDIA,Valencia,Gandia,1,0,1,0,0,0,0,0,0,1,,
HOSPITAL GENERAL DE ONTINYENT,Valencia,Ontinyent,1,0,0,0,0,0,0,0,0,0,,
HOSPITAL INTERMUTUAL DE LEVANTE,Valencia,San Antonio de Benagéber,0,1,1,1,0,0,0,1,1,1,,
HOSPITAL LA MALVA-ROSA,Valencia,Valencia,1,0,0,0,0,0,0,0,0,0,,
HOSPITAL LLUIS ALCANYÍS DE XATIVA,Valencia,Xàtiva,1,0,1,0,0,0,0,0,0,1,,
HOSPITAL PARE JOFRE,Valencia,Valencia,1,0,1,0,0,0,0,0,0,0,,
HOSPITAL PSIQUIÁTRICO PROVINCIAL PADRE JOFRE,Valencia,Bétera,1,0,0,0,0,0,0,0,0,0,,
HOSPITAL UNIVERSITARIO DE LA RIBERA,Valencia,Alzira,1,0,1,1,1,1,1,0,0,1,,
HOSPITAL UNIVERSITARIO DR. PESET,Valencia,Valencia,1,0,1,0,0,1,0,0,0,0,,
HOSPITAL UNIVERSITARIO Y POLITÉCNICO LA FE,Valencia,Valencia,1,0,1,1,0,1,1,1,1,1,,
CAPIO CLIDEBA,Badajoz,Badajoz,0,1,0,0,0,0,0,0,0,1,,
CENTRO DE REHABILITACIÓN NEUROLÓGICO DE EXTREMADURA,Badajoz,Mérida,0,1,0,0,0,0,0,0,0,0,,
CENTRO SOCIOSANITARIO DE MÉRIDA,Badajoz,Mérida,0,1,0,0,0,0,0,0,0,0,,
CLíNICA EXTREMEÑA DE SALUD,Badajoz,Badajoz,0,1,0,0,0,0,0,0,0,1,,
COMPLEJO H. DON BENITO-VVA DE LA SERENA,Badajoz,Don Benito,1,0,0,0,0,0,0,0,0,0,,
COMPLEJO H. UNIVERSITARIO DE BADAJOZ,Badajoz,Badajoz,1,0,0,0,0,0,0,0,0,0,,
COMPLEJO HOSPITALARIO DEL ÁREA DE SALUD DE MÉRIDA,Badajoz,Mérida,1,0,0,0,0,0,0,0,0,0,,
COMPLEJO HOSPITALARIO LLERENA-ZAFRA,Badajoz,Llerena,1,0,0,0,0,0,0,0,0,0,,
HOSPITAL ,FUNDACIÓN SAN JUAN DE DIOS,Badajoz,0,1,0,0,0,0,0,0,0,0,",",
HOSPITAL SANTA JUSTA,Badajoz,Villanueva de la Serena,0,1,0,0,0,0,0,0,0,1,,
ZAFRA SALUD,Badajoz,Zafra,0,1,0,0,0,0,0,0,0,0,,
CENTRO SOCIOSANITARIO DE PLASENCIA,Cáceres,Plasencia,0,1,0,0,0,0,0,0,0,0,,
CLÍNICA SAN FRANCISCO,Cáceres,Cáceres,0,1,1,1,0,0,1,1,0,1,,
CLÍNICA SOQUIMEX,Cáceres,Plasencia,0,1,0,0,0,0,0,0,0,0,,
CLÍNICA VIRGEN DE GUADALUPE,Cáceres,Cáceres,0,1,0,0,0,0,0,0,0,1,,
COMPLEJO HOSPITALARIO DE CÁCERES,Cáceres,Cáceres,1,0,0,0,0,0,0,0,0,0,,
HOSPITAL CAMPO ARAÑUELO,Cáceres,Navalmoral de la Mata,1,0,0,0,0,0,0,0,0,0,,
HOSPITAL CIUDAD DE CORIA,Cáceres,Coria,1,0,0,0,0,0,0,0,0,0,,
HOSPITAL VIRGEN DEL PUERTO,Cáceres,Plasencia,1,0,0,0,0,0,0,0,0,0,,
CENTRO ONCOLÓGICO DE GALICIA,A Coruña,Coruña (A),0,1,1,1,0,0,0,0,0,1,,
COMPLEJO HOSPITALARIO ARQUITECTO MARCIDE-PROF. NOVOA SANTOS,A Coruña,Ferrol,1,0,0,0,0,0,0,0,0,0,,
COMPLEJO HOSPITALARIO UNIVERSITARIO DE SANTIAGO,A Coruña,Santiago de Compostela,1,0,0,0,0,0,0,0,0,1,,
COMPLEXO HOSPITALARIO UNIVERSITARIO A CORUÑA,A Coruña,Coruña (A),1,0,0,0,0,0,0,0,0,1,,
HOSPITAL BASICO DE LA DEFENSA EN FERROL,A Coruña,Ferrol,1,0,0,0,0,0,0,0,0,0,,
HOSPITAL DA BARBANZA,A Coruña,Ribeira,1,0,0,0,0,0,0,0,0,0,,
HOSPITAL GENERAL JUAN CARDONA (SANTO HOSPITAL DE CARIDAD),A Coruña,Ferrol,0,1,1,1,1,0,1,0,0,1,,
HOSPITAL MODELO,A Coruña,Coruña (A),0,1,0,0,0,0,0,0,0,1,,
HOSPITAL NUESTRA SEÑORA DE LA ESPERANZA,A Coruña,Santiago de Compostela,0,1,0,0,0,0,0,0,0,0,,
HOSPITAL VIRXE DA XUNQUEIRA,A Coruña,Cee,1,0,0,0,0,0,0,0,0,0,,
INSTITUTO MÉDICO-QUIRÚRGICO SAN RAFAEL,A Coruña,Coruña (A),0,1,1,0,0,0,0,0,0,1,,
INSTITUTO POLICLÍNICO LA ROSALEDA S.A.,A Coruña,Santiago de Compostela,0,1,0,0,0,0,1,0,1,1,,
INSTITUTO POLICLÍNICO SANTA TERESA S.A.,A Coruña,Coruña (A),0,1,0,0,0,0,0,0,0,1,,
MATERNIDAD BELEN,A Coruña,Coruña (A),0,1,0,0,0,0,0,0,0,0,,
SANATORIO PSIQUIÁTRICO LA ROBLEDA,A Coruña,Pino (O),0,1,1,1,0,0,1,0,0,1,,
CENTRO RESIDENCIAL Y REHABILITADOR SAN RAFAEL,Lugo,Castro de Rei,1,0,0,0,0,0,0,0,0,0,,
COMPLEJO HOSPITALARIO XERAL-CALDE,Lugo,Lugo,1,0,0,0,0,0,0,0,0,0,,
HOSPITAL COMARCAL DE MONFORTE,Lugo,Monforte de Lemos,1,0,0,0,0,0,0,0,0,0,,
HOSPITAL DA COSTA,Lugo,Burela,1,0,0,0,0,0,0,0,0,0,,
POLICLÍNICO LUCENSE S.A.,Lugo,Lugo,0,1,1,1,1,0,1,0,0,1,,
SANATORIO NOSA SRA. DOS OLLOS GRANDES,Lugo,Lugo,0,1,0,0,0,0,0,0,0,1,,
CENTRO MÉDICO DEL CARMEN S.A.,Ourense,Ourense,0,1,1,0,0,0,0,0,0,1,,
COMPLEJO HOSPITALARIO DE OURENSE,Ourense,Ourense,1,0,0,0,0,0,0,0,0,0,,
COOPERATIVA SANITARIA DE GALICIA S.C.G. (COSAGA),Ourense,Ourense,0,1,0,0,0,0,1,1,0,1,,
HOSPITAL COMARCAL VALDEORRAS,Ourense,Barco de Valdeorras (O),1,0,0,0,0,0,0,0,0,1,,
HOSPITAL DE VERÍN,Ourense,Verín,1,0,0,0,0,0,0,0,0,0,,
CENTRO DE DAÑO CEREBRAL Y NEUROCIENCIAS,Pontevedra,Poio,0,1,0,0,0,0,0,0,0,1,,
CENTRO MÉDICO EL CASTRO VIGO S.A.,Pontevedra,Vigo,0,1,0,1,0,0,0,0,0,1,,
CENTRO MÉDICO PINTADO S.L.,Pontevedra,Vigo,0,1,0,1,0,0,0,0,0,1,,
CLINICA RESIDENCIA EL PINAR S.L.,Pontevedra,Vigo,0,1,0,0,0,0,0,0,0,1,,
COMPLEJO HOSPITALARIO DE PONTEVEDRA,Pontevedra,Pontevedra,1,0,0,0,0,0,0,0,0,0,,
COMPLEJO HOSPITALARIO UNIVERSITARIO DE VIGO,Pontevedra,Vigo,1,0,0,0,0,0,0,0,0,1,,
FREMAP MUTUA DE ACCIDENTES DE TRABAJO,Pontevedra,Vigo,0,1,0,0,0,0,0,0,0,0,,
HOSPITAL COMARCAL DO SALNÉS,Pontevedra,Vilagarcía de Arousa,1,0,0,0,0,0,0,0,0,0,,
HOSPITAL MIGUEL DOMÍNGUEZ,Pontevedra,Pontevedra,0,1,1,0,0,0,0,1,0,1,,
HOSPITAL NUESTRA  SRA  DE FATIMA,Pontevedra,Vigo,0,1,0,0,0,0,0,0,0,0,,
HOSPITAL POVISA S.A,Pontevedra,Vigo,0,1,1,1,0,0,0,0,0,1,,
SANATORIO CONCHEIRO,Pontevedra,Vigo,0,1,0,0,0,0,1,0,0,1,,
SANATORIO PSIQUIÁTRICO SAN JOSE,Pontevedra,Vigo,0,1,0,0,0,0,0,0,0,0,,
SANATORIO SANTA MARÍA S.L.,Pontevedra,Pontevedra,0,1,0,0,0,0,0,0,0,0,,
CASTA GUADARRAMA,Madrid,Guadarrama,0,1,0,0,0,0,0,0,0,0,,
CENTRO ONCOLÓGICO MD ANDERSON INTERNATIONAL ESPAÑA,Madrid,Madrid,0,1,0,0,0,0,1,1,0,1,,
CENTRO SAN JUAN DE DIOS,Madrid,Ciempozuelos,0,1,0,0,0,0,0,0,0,1,,
CLINICA CEMTRO,Madrid,Madrid,0,1,1,0,0,0,1,0,1,1,,
CLÍNICA ISADORA,Madrid,Madrid,0,1,1,1,1,0,0,1,0,1,,
CLÍNICA LA LUZ S.L.,Madrid,Madrid,0,1,1,0,0,0,1,0,0,1,,
CLÍNICA LA MILAGROSA,Madrid,Madrid,0,1,1,1,1,0,1,0,0,1,,
CLÍNICA NUESTRA SRA. DE LA PAZ,Madrid,Madrid,0,1,1,1,0,0,0,0,0,1,,
CLÍNICA RUBER S.A.,Madrid,Madrid,0,1,1,1,0,0,0,0,0,1,,
CLINICA SAN MIGUEL,Madrid,Madrid,0,1,0,0,0,0,0,0,0,1,,
CLÍNICA SANTA ELENA,Madrid,Madrid,0,1,1,1,0,0,0,0,0,1,,
CLÍNICA SEAR S.A.,Madrid,Madrid,0,1,0,1,0,0,0,0,0,1,,
COMPLEJO UNIVERSITARIO LA PAZ,Madrid,Madrid,1,0,0,0,0,0,0,0,0,1,,
FREMAP CENTRO DE PREVENCIÓN Y REHABILITACIÓN,Madrid,Majadahonda,0,1,0,0,0,0,0,0,0,0,,
FUENSANTA S.L. (CLÍNICA FUENSANTA),Madrid,Madrid,0,1,1,1,0,0,0,0,1,1,,
FUNDACIÓN INSTITUTO SAN JOSÉ,Madrid,Madrid,0,1,0,1,0,0,0,0,0,1,,
FUNDACIÓN JIMÉNEZ DÍAZ-UTE,Madrid,Madrid,0,1,0,0,0,0,0,0,1,1,,
HH. HH. SGDO. C. DE JESÚS. COMPLEJO ASISTENCIAL BENITO MENNI,Madrid,Ciempozuelos,0,1,0,0,0,0,0,0,0,0,,
HM UNIVERSITARIO PUERTA DEL SUR,Madrid,Móstoles,0,1,0,0,0,0,0,0,0,1,,
HM VALLES,Madrid,Alcalá de Henares,0,1,0,0,0,0,0,0,0,1,,
HOSPITAL BEATA MARÍA ANA. HH. HOSPITALARIAS SGDO. C. DE JESÚS,Madrid,Madrid,0,1,0,0,0,0,0,0,0,1,,
HOSPITAL CARLOS III,Madrid,Madrid,1,0,0,0,0,0,0,0,0,1,,
HOSPITAL CENTRAL DE LA CRUZ ROJA SAN JOSÉ Y SANTA ADELA,Madrid,Madrid,1,0,0,0,0,0,0,0,0,1,,
HOSPITAL CENTRAL DE LA DEFENSA GOMEZ ULLA,Madrid,Madrid,1,0,0,0,0,1,0,0,0,0,,
HOSPITAL CENTRO DE CUIDADOS LAGUNA,Madrid,Madrid,0,1,1,0,0,0,1,0,0,1,,
HOSPITAL DE FUENLABRADA,Madrid,Fuenlabrada,1,0,1,1,0,0,0,0,0,1,,
HOSPITAL DE LA FUENFRÍA,Madrid,Cercedilla,1,0,0,0,0,0,0,0,0,1,,
HOSPITAL DE LA ZARZUELA,Madrid,Madrid,0,1,0,0,0,0,0,0,0,1,,
HOSPITAL DE MADRID,Madrid,Madrid,0,1,0,0,0,0,0,0,0,1,,
HOSPITAL DE MADRID-MONTEPRÍNCIPE,Madrid,Boadilla del Monte,0,1,0,0,0,0,0,0,0,0,,
HOSPITAL DEL HENARES,Madrid,Coslada,1,0,0,1,0,1,0,0,0,1,,
HOSPITAL DEL SURESTE,Madrid,Arganda del Rey,1,0,0,0,0,0,0,0,0,1,,
HOSPITAL DEL TAJO,Madrid,Aranjuez,1,0,0,0,0,1,0,0,0,1,,
HOSPITAL DR. R. LAFORA,Madrid,Madrid,1,0,0,0,0,0,0,0,0,1,,
HOSPITAL EL ESCORIAL,Madrid,San Lorenzo de El Escorial,1,0,0,0,0,1,0,0,0,1,,
HOSPITAL GENERAL DE VILLALBA,Madrid,Collado Villalba,1,0,0,0,0,0,0,0,0,1,,
HOSPITAL GENERAL UNIVERSITARIO GREGORIO MARAÑÓN,Madrid,Madrid,1,0,0,0,0,0,0,0,0,1,,
HOSPITAL GUADARRAMA,Madrid,Guadarrama,1,0,0,0,0,0,0,0,0,1,,
HOSPITAL INFANTA CRISTINA,Madrid,Parla,1,0,0,0,0,1,0,0,0,1,,
HOSPITAL INFANTA ELENA,Madrid,Valdemoro,1,0,0,0,0,1,0,0,0,1,,
HOSPITAL INFANTA LEONOR,Madrid,Madrid,1,0,0,0,0,0,0,0,0,1,,
HOSPITAL INFANTIL UNIVERSITARIO NIÑO JESUS,Madrid,Madrid,1,0,0,0,0,0,0,0,0,1,,
HOSPITAL LA MORALEJA,Madrid,Madrid,0,1,0,0,0,0,0,0,0,0,,
HOSPITAL LOS MADROÑOS,Madrid,Brunete,0,1,0,0,0,0,0,0,0,1,,
HOSPITAL MONCLOA,Madrid,Madrid,0,1,1,1,0,0,0,0,1,1,,
HOSPITAL MONOGRÁFICO ASEPEYO DE TRAUMAT. CIRUGÍA Y REHABILITACIÓN,Madrid,Coslada,0,1,0,0,0,0,0,0,0,1,,
HOSPITAL NUESTRA SEÑORA DE AMERICA,Madrid,Madrid,0,1,0,0,0,0,0,0,0,0,,
HOSPITAL NUEVO BELÉN,Madrid,Madrid,0,1,0,0,0,0,0,0,0,1,,
HOSPITAL PARDO DE ARAVACA,Madrid,Madrid,0,1,0,0,0,0,0,0,0,0,,
HOSPITAL QUIRÓN MADRID,Madrid,Pozuelo de Alarcón,0,1,0,0,0,1,0,0,0,0,,
HOSPITAL QUIRONSALUD SUR,Madrid,Alcorcón,0,1,0,0,0,0,0,0,0,1,,
HOSPITAL RAMÓN Y CAJAL,Madrid,Madrid,1,0,0,0,0,1,0,0,0,1,,
HOSPITAL RUBER INTERNACIONAL,Madrid,Madrid,0,1,0,0,0,0,1,0,0,1,,
HOSPITAL SAN FRANCISCO DE ASÍS,Madrid,Madrid,0,1,0,0,0,0,0,0,0,1,,
HOSPITAL SAN RAFAEL,Madrid,Madrid,0,1,0,1,0,1,1,0,0,1,,
HOSPITAL UNIV. FUNDACIÓN ALCORCÓN,Madrid,Alcorcón,1,0,0,0,0,0,0,0,0,1,,
HOSPITAL UNIVERSITARIO 12 DE OCTUBRE,Madrid,Madrid,1,0,0,0,0,1,0,0,0,1,,
HOSPITAL UNIVERSITARIO DE GETAFE,Madrid,Getafe,1,0,0,0,0,1,0,0,0,1,,
HOSPITAL UNIVERSITARIO DE LA PRINCESA,Madrid,Madrid,1,0,0,1,0,1,0,0,0,1,,
HOSPITAL UNIVERSITARIO DE MADRID TORRELODONES,Madrid,Torrelodones,0,1,0,0,0,0,0,0,0,0,,
HOSPITAL UNIVERSITARIO DE MÓSTOLES,Madrid,Móstoles,1,0,1,0,0,0,0,0,0,1,,
HOSPITAL UNIVERSITARIO INFANTA SOFÍA,Madrid,San Sebastián de los Reyes,1,0,0,0,0,0,0,0,0,1,,
HOSPITAL UNIVERSITARIO MADRID SANCHINARRO,Madrid,Madrid,0,1,0,0,0,0,0,0,0,0,,
HOSPITAL UNIVERSITARIO PRÍNCIPE DE ASTURIAS,Madrid,Alcalá de Henares,1,0,0,0,0,1,0,0,0,1,,
HOSPITAL UNIVERSITARIO PUERTA DE HIERRO MAJADAHONDA,Madrid,Majadahonda,1,0,0,1,0,1,0,0,0,1,,
HOSPITAL UNIVERSITARIO REY JUAN CARLOS,Madrid,Móstoles,1,0,0,0,0,0,0,0,0,1,,
HOSPITAL UNIVERSITARIO SANTA CRISTINA,Madrid,Madrid,1,0,0,0,0,1,0,0,0,1,,
HOSPITAL UNIVERSITARIO SEVERO OCHOA,Madrid,Leganés,1,0,0,0,0,0,0,0,0,1,,
HOSPITAL VIRGEN DE LA PALOMA S.A.,Madrid,Madrid,0,1,1,1,0,0,1,0,1,1,,
HOSPITAL VIRGEN DE LA POVEDA,Madrid,Villa del Prado,1,0,0,0,0,0,0,0,0,1,,
HOSPITAL VIRGEN DE LA TORRE,Madrid,Madrid,1,0,0,0,0,0,0,0,0,1,,
HOSPITAL VOT SAN FRANCISCO DE ASÍS,Madrid,Madrid,0,1,0,0,0,0,0,0,0,1,,
INSTITUTO DE INVESTIGACIONES NEUROPSIQUIÁTRICAS DR.LÓPEZ IBOR,Madrid,Madrid,0,1,0,0,0,0,0,0,0,1,,
INSTITUTO PSIQUIÁTRICO SERVICIOS DE SALUD MENTAL JOSÉ GERMAIN,Madrid,Leganés,1,0,0,0,0,0,0,0,0,1,,
SANATORIO ESQUERDO S.A.,Madrid,Madrid,0,1,0,0,0,0,0,0,0,1,,
SANATORIO NEUROPSIQUIÁTRICO DOCTOR LEÓN,Madrid,Madrid,0,1,0,0,0,0,0,0,0,1,,
SANATORIO NUESTRA SEÑORA DEL ROSARIO,Madrid,Madrid,0,1,0,0,0,0,0,0,0,1,,
SANATORIO QUIRÚRGICO VIRGEN DEL MAR,Madrid,Madrid,0,1,0,0,0,0,0,0,0,1,,
USP HOSPITAL SAN CAMILO,Madrid,Madrid,0,1,0,1,0,0,0,0,0,1,,
USP HOSPITAL SAN JOSÉ,Madrid,Madrid,0,1,1,1,0,0,0,0,0,1,,
CLÍNICA BELÉN,Murcia,Murcia,0,1,1,1,0,0,0,1,0,1,,
CLINICA SAN FELIPE DEL MEDITERRÁNEO,Murcia,Murcia,0,1,0,0,0,0,0,0,0,1,,
COMPLEJO HOSPITALARIO UNIVERSITARIO DE CARTAGENA,Murcia,Cartagena,1,0,1,0,0,0,0,0,0,1,,
FUNDACION HOSPITAL DE LA REAL PIEDAD,Murcia,Cehegín,0,1,0,0,0,1,0,0,0,0,,
HOSPITAL BERNAL,Murcia,Caravaca de la Cruz,0,1,1,1,0,0,0,0,0,1,,
HOSPITAL COMARCAL DEL NOROESTE DE LA REGIÓN DE MURCIA,Murcia,Caravaca de la Cruz,1,0,0,0,0,0,0,0,0,1,,
HOSPITAL DE LA VEGA LORENZO GUIRAO,Murcia,Cieza,1,0,0,0,0,0,0,0,0,0,,
HOSPITAL DE MOLINA,Murcia,Molina de Segura,0,1,1,1,0,0,0,0,0,1,,
HOSPITAL GENERAL UNIVERSITARIO LOS ARCOS DEL MAR MENOR,Murcia,San Javier,1,0,0,0,0,0,0,0,0,0,,
HOSPITAL GENERAL UNIVERSITARIO REINA SOFIA,Murcia,Murcia,1,0,0,0,0,1,0,0,0,1,,
HOSPITAL IBERMUTUAMUR,Murcia,Murcia,0,1,0,0,0,0,0,0,0,0,,
HOSPITAL J.M. MORALES MESEGUER,Murcia,Murcia,1,0,0,1,0,0,0,0,0,0,,
HOSPITAL LA VEGA,Murcia,Murcia,0,1,1,1,0,0,1,1,1,1,,
HOSPITAL MESA DEL CASTILLO,Murcia,Murcia,0,1,1,1,1,0,1,0,1,1,,
HOSPITAL PERPETUO SOCORRO ALAMEDA,Murcia,Cartagena,0,1,1,1,0,0,0,1,1,1,,
HOSPITAL PSIQUIÁTRICO ROMAN ALBERCA,Murcia,Murcia,1,0,0,0,0,0,0,0,0,0,,
HOSPITAL RAFAEL MÉNDEZ,Murcia,Lorca,1,0,0,0,0,1,0,0,0,0,,
HOSPITAL UNIVERSITARIO VIRGEN DE LA ARRIXACA,Murcia,Murcia,1,0,0,0,0,1,0,0,0,0,,
HOSPITAL VIAMED SAN JOSÉ,Murcia,Alcantarilla,0,1,0,0,0,0,0,0,0,1,,
HOSPITAL VIRGEN DEL ALCAZAR DE LORCA S.A.,Murcia,Lorca,0,1,1,1,0,0,0,0,0,1,,
HOSPITAL VIRGEN DEL CASTILLO,Murcia,Yecla,1,0,0,0,0,0,0,0,0,0,,
RESIDENCIA LOS ALMENDROS,Murcia,Cartagena,0,1,0,0,0,0,0,0,0,1,,
RESIDENCIA VILLADEMAR,Murcia,San Pedro del Pinatar,0,1,0,0,0,0,0,0,0,1,,
SANATORIO DOCTOR MUÑOZ S.L.,Murcia,Murcia,0,1,0,0,0,0,0,0,0,1,,
SANTO Y REAL HOSPITAL DE CARIDAD,Murcia,Cartagena,0,1,0,0,0,0,0,0,0,0,,
USP HOSPITAL SAN CARLOS MURCIA,Murcia,Murcia,0,1,0,0,0,0,0,0,0,1,,
CENTRO DE REHABILITACIÓN UBARMIN,Navarra,Egüés,1,0,0,0,0,0,0,0,0,0,,
CENTRO HOSPITALARIO BENITO MENNI,Navarra,Baztan,0,1,0,0,0,0,0,0,0,1,,
CLÍNICA ARCANGEL SAN MIGUEL,Navarra,Pamplona/Iruña,0,1,0,0,0,0,0,0,0,1,,
CLÍNICA DE REHABILITACIÓN,Navarra,Pamplona/Iruña,1,0,0,0,0,0,0,0,0,0,,
CLÍNICA PSICOGERIÁTRICA JOSEFINA ARREGUI,Navarra,Altsasu/Alsasua,0,1,0,0,0,0,0,0,0,0,,
CLÍNICA PSIQUIÁTRICA PADRE MENNI,Navarra,Pamplona/Iruña,0,1,0,0,0,0,0,0,0,0,,
CLÍNICA SAN FERMIN S.A.,Navarra,Pamplona/Iruña,0,1,0,0,0,0,0,1,0,1,,
CLINICA UNIVERSITARIA DE NAVARRA,Navarra,Pamplona/Iruña,0,1,1,1,0,0,1,0,1,1,,
HOSPITAL DE NAVARRA,Navarra,Pamplona/Iruña,1,0,0,0,0,1,0,0,0,1,,
HOSPITAL GARCÍA ORCOYEN,Navarra,Estella/Lizarra,1,0,0,0,0,0,0,0,0,0,,
HOSPITAL REINA SOFÍA,Navarra,Tudela,1,0,0,0,0,0,0,0,0,0,,
HOSPITAL SAN JUAN DE DIOS,Navarra,Pamplona/Iruña,0,1,1,1,1,0,1,0,0,1,,
HOSPITAL VIRGEN DEL CAMINO,Navarra,Pamplona/Iruña,1,1,0,0,0,1,0,0,0,1,,
HOSPITAL DE LEZA,Álava,Laguardia,1,0,0,0,0,0,0,0,0,1,,
HOSPITAL SAN JOSÉ,Álava,Vitoria-Gasteiz,1,1,0,0,0,0,0,0,0,1,,
HOSPITAL SANTIAGO APOSTOL,Álava,Vitoria-Gasteiz,1,0,0,0,0,0,0,0,0,1,,
HOSPITAL TXAGORRITXU,Álava,Vitoria-Gasteiz,1,0,0,0,0,0,0,0,0,1,,
ORGANIZACIÓN MÉDICA DE VITORIA S.L. (CLÍNICA ÁLAVA),Álava,Vitoria-Gasteiz,0,1,0,0,0,0,0,0,0,0,,
RED DE SALUD MENTAL DE ARABA (HOSPITAL PSIQUIÁTRICO DE ÁLAVA),Álava,Vitoria-Gasteiz,1,0,0,0,0,0,0,0,0,1,,
USP CLÍNICA  LA ESPERANZA,Álava,Vitoria-Gasteiz,0,1,1,1,0,0,0,0,0,1,,
CLINICA SANTA MARÍA DE LA ASUNCION (INVIZA S.A.),Guipúzcoa,Tolosa,0,1,1,1,0,0,1,0,0,1,,
HOSPITAL AITA MENNI,Guipúzcoa,Arrasate/Mondragón,0,1,0,0,0,0,1,0,0,1,,
HOSPITAL ALTO DEBA,Guipúzcoa,Arrasate/Mondragón,1,0,0,0,0,0,0,0,0,1,,
HOSPITAL DE MENDARO,Guipúzcoa,Mendaro,1,0,0,0,0,0,0,0,0,1,,
HOSPITAL DE ZUMARRAGA,Guipúzcoa,Zumarraga,1,0,0,0,0,0,0,0,0,1,,
HOSPITAL DONOSTIA-DONOSTIA OSPITALEA,Guipúzcoa,Donostia-San Sebastián,1,0,1,1,0,0,1,0,0,1,,
HOSPITAL PSIQUIÁTRICO SAN JUAN DE DIOS,Guipúzcoa,Arrasate/Mondragón,0,1,0,0,0,0,0,0,0,0,,
HOSPITAL QUIRÓN DONOSTIA,Guipúzcoa,Donostia-San Sebastián,0,1,0,0,0,1,0,0,0,0,,
HOSPITAL RICARDO BERMINGHAM (FUNDACIÓN MATIA),Guipúzcoa,Donostia-San Sebastián,0,1,0,0,0,0,0,0,0,0,,
HOSPITAL SAN JUAN DE DIOS DONOSTIA,Guipúzcoa,Donostia-San Sebastián,0,1,0,0,0,0,0,0,0,0,,
MUTUALIA-CLINICA PAKEA,Guipúzcoa,Donostia-San Sebastián,0,1,0,0,0,0,0,0,0,0,,
ONCOLOGIKOA,Guipúzcoa,Donostia-San Sebastián,0,1,1,0,0,0,1,1,0,1,,
ORGANIZACIÓN SANITARIA INTEGRADA BIDASOA (HOSPITAL BIDASOA),Guipúzcoa,Hondarribia,1,0,0,0,0,0,0,0,0,1,,
POLICLÍNICA GUIPUZKOA S.A.,Guipúzcoa,Donostia-San Sebastián,0,1,1,1,0,0,1,0,0,1,,
SANATORIO DE USURBIL S.L.,Guipúzcoa,Usurbil,0,1,0,0,0,0,0,0,0,1,,
AVANCES MÉDICOS S.A,Vizcaya,Santurtzi,0,1,0,0,0,0,0,0,0,1,,
CENTRO INTERMUTUAL DE EUSKADI,Vizcaya,Bilbao,0,1,0,0,0,0,0,0,0,1,,
CLÍNICA ERCILLA MUTUALIA,Vizcaya,Bilbao,0,1,0,0,0,0,0,0,0,0,,
CLÍNICA GUIMON S.A.,Vizcaya,Bilbao,0,1,0,0,0,0,0,0,0,1,,
CLÍNICA IMG ZORROTZAURRE,Vizcaya,Bilbao,0,1,0,1,0,0,0,0,0,1,,
CLÍNICA INDAUTXU,Vizcaya,Bilbao,0,1,1,1,0,0,0,0,1,1,,
CLÍNICA VIRGEN BLANCA S.A.,Vizcaya,Bilbao,0,1,0,0,0,0,0,0,0,1,,
HOSPITAL CRUZ ROJA DE BILBAO,Vizcaya,Bilbao,0,1,0,0,0,0,0,0,0,1,,
HOSPITAL DE BASURTO,Vizcaya,Bilbao,1,0,0,0,0,1,0,0,0,1,,
HOSPITAL DE CRUCES,Vizcaya,Barakaldo,1,0,1,1,0,1,1,0,0,1,,
HOSPITAL DE GORLIZ,Vizcaya,Gorliz,1,0,0,0,0,1,0,0,0,1,,
HOSPITAL GALDAKAO-USANSOLO,Vizcaya,Galdakao,1,0,1,1,0,0,0,0,0,1,,
HOSPITAL QUIRON BIZKAIA,Vizcaya,Erandio,0,1,0,0,0,0,0,0,0,0,,
HOSPITAL SAN ELOY,Vizcaya,Barakaldo,1,0,0,0,0,0,0,0,0,1,,
HOSPITAL SAN JUAN DE DIOS,Vizcaya,Santurtzi,0,1,1,1,1,0,1,0,0,1,,
HOSPITAL SANTA MARINA,Vizcaya,Bilbao,1,0,0,0,0,0,0,0,0,1,,
RED DE SALUD MENTAL DE BIZKAIA (HOSPITAL DE BERMEO),Vizcaya,Bermeo,1,0,0,0,0,0,0,0,0,0,,
RED DE SALUD MENTAL DE BIZKAIA (HOSPITAL DE ZALDIBAR),Vizcaya,Zaldibar,1,0,0,0,0,0,0,0,0,1,,
RED DE SALUD MENTAL DE BIZKAIA (HOSPITAL DE ZAMUDIO),Vizcaya,Zamudio,1,0,0,0,0,0,0,0,0,1,,
SANATORIO BILBAÍNO,Vizcaya,Bilbao,0,1,0,0,0,0,0,0,0,1,,
CENTRO DE SALUD MENTAL ALBELDA DE IREGUA,La Rioja,Albelda de Iregua,1,0,0,0,0,0,0,0,0,0,,
CENTRO SOCIOSANITARIO DE CONVALENCENCIA LOS JAZMINES,La Rioja,Haro,0,1,0,0,0,0,0,0,0,0,,
COMPLEJO HOSPITAL SAN PEDRO,La Rioja,Logroño,1,0,0,0,0,0,0,0,0,0,,
FUNDACIÓN HOSPITAL CALAHORRA,La Rioja,Calahorra,1,0,0,0,0,0,0,0,0,1,,
HOSPITAL LOS MANZANOS,La Rioja,Lardero,0,1,1,1,0,0,1,0,0,1,,
POLICLÍNICO RIOJANO NUESTRA SEÑORA DE VALVANERA S.A.,La Rioja,Logroño,0,1,0,0,0,0,0,0,0,1,,
HOSPITAL MILITAR O'DONNELL EN CEUTA,Ceuta,Ceuta,1,0,0,0,0,0,0,0,0,0,,
HOSPITAL UNIVERSITARIO DE CEUTA,Ceuta,Ceuta,0,1,1,0,0,0,1,1,0,1,,
HOSPITAL COMARCAL DE MELILLA,Melilla,Melilla,0,1,0,0,0,0,0,0,0,1,,
CENTRO DE REHAB. PSICOSOCIAL SANTO CRISTO DE LOS MILAGROS,Huesca,Huesca,1,0,0,0,0,0,0,0,0,0,,
CENTRO SANITARIO DE ALTA RESOLUCIÓN BAJO CINCA-BAIX CINCA,Huesca,Fraga,1,0,0,0,0,0,0,0,0,0,,
CLÍNICA SANTIAGO,Huesca,Huesca,0,1,0,0,0,0,0,0,0,1,,
HOSPITAL DE ALTA RESOLUCIÓN DEL PIRINEO,Huesca,Jaca,1,0,0,0,0,0,0,0,0,0,,
HOSPITAL DE BARBASTRO,Huesca,Barbastro,1,0,0,0,0,0,0,0,0,1,,
HOSPITAL GENERAL SAN JORGE,Huesca,Huesca,1,0,0,0,0,1,0,0,0,0,,
HOSPITAL SAGRADO CORAZÓN DE JESÚS,Huesca,Huesca,1,0,0,0,0,0,0,0,0,0,,
CENTRO DE REHABILITACION PSICOSOCIAL SAN JUAN DE DIOS,Teruel,Teruel,1,0,0,0,0,0,0,0,0,0,,
HOSPITAL DE ALCAÑIZ,Teruel,Alcañiz,1,0,0,0,0,0,0,0,0,0,,
HOSPITAL OBISPO POLANCO,Teruel,Teruel,1,0,0,0,0,0,0,0,0,1,,
HOSPITAL SAN JOSÉ,Teruel,Teruel,1,1,0,0,0,0,0,0,0,1,,
CENTRO ASISTENCIAL PSIQUIÁTRICO DE SÁDABA,Zaragoza,Sádaba,0,1,0,0,0,0,0,0,0,0,,
CENTRO DE REHABILITACION PSICOSOCIAL NUESTRA SEÑORA DEL PILAR,Zaragoza,Zaragoza,1,0,0,0,0,0,0,0,0,0,,
CENTRO NEUROPSIQUIÁTRICO NUESTRA SEÑORA DEL CARMEN,Zaragoza,Zaragoza,0,1,0,0,0,0,0,0,0,0,,
CENTRO SANITARIO DE ALTA RESOLUCIÓN CINCO VILLAS,Zaragoza,Ejea de los Caballeros,1,0,0,0,0,0,0,0,0,0,,
CLÍNICA MONTPELIER,Zaragoza,Zaragoza,0,1,1,1,0,0,1,1,1,1,,
CLÍNICA NUESTRA SEÑORA DEL PILAR,Zaragoza,Zaragoza,0,1,0,1,0,0,0,0,0,1,,
CLÍNICA QUIRÓN ZARAGOZA S.A.,Zaragoza,Zaragoza,0,1,0,0,0,1,0,0,0,1,,
HOSPITAL  NUESTRA SEÑORA DE GRACIA,Zaragoza,Zaragoza,1,0,0,0,0,1,0,0,0,0,,
HOSPITAL CLÍNICO UNIVERSITARIO LOZANO BLESA,Zaragoza,Zaragoza,1,0,0,0,0,1,0,0,0,1,,
HOSPITAL ERNEST LLUCH MARTIN,Zaragoza,Calatayud,1,0,0,0,0,0,0,0,0,0,,
HOSPITAL GENERAL DE LA DEFENSA DE ZARAGOZA,Zaragoza,Zaragoza,1,0,0,0,0,0,0,0,0,0,,
HOSPITAL MAZ,Zaragoza,Zaragoza,0,1,0,0,0,0,0,0,0,0,,
HOSPITAL ROYO VILLANOVA,Zaragoza,Zaragoza,1,0,0,0,0,0,0,0,0,0,,
HOSPITAL SAN JUAN DE DIOS,Zaragoza,Zaragoza,0,1,1,1,1,0,1,0,0,1,,
HOSPITAL UNIVERSITARIO MIGUEL SERVET,Zaragoza,Zaragoza,1,0,0,0,0,1,0,0,0,1,,
HOSPITAL VIAMED MONTECANAL,Zaragoza,Zaragoza,0,1,1,1,0,0,0,0,0,1,,
PROYECTO DE REHAB. INTEGRAL DE LA SALUD MENTAL EN ARAGÓN S.A.,Zaragoza,Zaragoza,0,1,0,0,0,0,0,0,0,0,,
UNIDAD REHABILITADORA DE MEDIA ESTANCIA PROFESOR REY ARDID,Zaragoza,Zaragoza,1,0,0,0,0,0,0,0,0,1,,
ASISTENCIA MÉDICA OCCIDENTAL S.L.-. HOSPITAL DE LUARCA,Asturias,Valdés,0,1,0,0,0,0,0,0,0,1,,
CENTRO MÉDICO DE ASTURIAS,Asturias,Oviedo,0,1,0,0,0,0,0,0,0,1,,
CLÍNICA ASTURIAS,Asturias,Oviedo,0,1,0,1,0,0,1,0,0,1,,
CLÍNICA SAN RAFAEL,Asturias,Oviedo,0,1,0,0,0,0,0,0,0,1,,
FUNDACIÓN HOSPITAL DE AVILÉS,Asturias,Avilés,0,1,0,0,0,0,0,0,0,0,,
FUNDACIÓN HOSPITAL DE JOVE,Asturias,Gijón,0,1,0,0,0,0,0,0,0,1,,
FUNDACION SANATORIO ADARO,Asturias,Langreo,0,1,0,0,0,0,0,0,0,0,,
HOSPITAL BEGOÑA DE GIJÓN S.L.,Asturias,Gijón,0,1,0,0,0,0,0,0,0,1,,
HOSPITAL CARMEN Y SEVERO OCHOA,Asturias,Cangas del Narcea,1,0,0,0,0,0,0,0,0,1,,
HOSPITAL COMARCAL DE JARRIO,Asturias,Coaña,1,0,0,0,0,0,0,0,0,0,,
HOSPITAL DE CABUEÑES,Asturias,Gijón,1,0,0,0,0,0,0,0,0,0,,
HOSPITAL DE LA CRUZ ROJA,Asturias,Gijón,0,1,0,0,0,0,0,0,0,0,,
HOSPITAL DEL ORIENTE DE ASTURIAS FRANCISCO GRANDE COVIÁN,Asturias,Parres,1,0,0,0,0,0,0,0,0,1,,
HOSPITAL MONTE NARANCO,Asturias,Oviedo,1,0,0,0,0,0,0,0,0,1,,
HOSPITAL SAN AGUSTÍN,Asturias,Avilés,1,0,0,0,0,0,0,0,0,1,,
HOSPITAL UNIVERSITARIO CENTRAL DE ASTURIAS,Asturias,Oviedo,1,0,0,0,0,1,0,0,0,1,,
HOSPITAL V. ALVAREZ BUYLLA,Asturias,Mieres,1,0,0,0,0,1,0,0,0,0,,
HOSPITAL VALLE DEL NALÓN,Asturias,Langreo,1,0,0,0,0,0,0,0,0,1,,
INSTITUTO SALUD MENTAL PÉREZ-ESPINOSA ORIA S.L.,Asturias,Llanera,0,1,0,0,0,0,0,0,0,1,,
SANATORIO NUESTRA SEÑORA DE COVADONGA,Asturias,Gijón,0,1,0,0,0,0,0,0,0,1,,
CLINICA JUANEDA,Illes Balears,Palma de Mallorca,0,1,0,0,0,0,0,0,0,1,,
CLÍNICA MUTUA BALEAR,Illes Balears,Palma de Mallorca,0,1,0,0,0,0,0,0,0,0,,
CLINICA ROTGER,Illes Balears,Palma de Mallorca,0,1,1,1,0,0,0,0,0,1,,
CLINICA SALUS MENORCA S.L,Illes Balears,Ciutadella de Menorca,0,1,1,1,0,0,1,1,0,1,,
CLINICA USP PALMAPLANAS,Illes Balears,Palma de Mallorca,0,1,1,1,0,0,0,0,0,0,,
FUNDACION HOSPITAL COMARCAL DE INCA,Illes Balears,Inca,1,0,0,0,0,1,0,0,0,1,,
FUNDACIÓN HOSPITAL MANACOR,Illes Balears,Manacor,1,0,0,0,0,0,0,0,0,1,,
HOSPITAL CAN MISSES,Illes Balears,Eivissa,1,0,0,0,0,0,0,0,0,1,,
HOSPITAL CLINIC BALEAR,Illes Balears,Llucmajor,0,1,0,1,0,0,0,0,0,1,,
HOSPITAL DE FORMENTERA,Illes Balears,Formentera,1,0,1,0,0,0,0,0,0,0,,
HOSPITAL DE LA CRUZ ROJA ESPAÑOLA,Illes Balears,Palma de Mallorca,0,1,0,0,0,0,0,0,0,0,,
HOSPITAL DE LLEVANT,Illes Balears,Manacor,0,1,0,1,0,0,0,0,0,1,,
HOSPITAL GENERAL DE MALLORCA,Illes Balears,Palma de Mallorca,1,0,0,0,0,0,0,0,0,0,,
HOSPITAL GENERAL DE MURO,Illes Balears,Muro,0,1,0,0,0,0,0,0,0,0,,
HOSPITAL JOAN MARCH,Illes Balears,Bunyola,1,0,0,0,0,0,0,0,0,0,,
HOSPITAL MATEU ORFILA,Illes Balears,Mahón,1,0,0,0,0,1,0,0,0,1,,
HOSPITAL PSIQUIÀTRIC,Illes Balears,Palma de Mallorca,1,0,0,0,0,0,0,0,0,0,,
HOSPITAL RESIDENCIA ASISTIDA CAS SERRES,Illes Balears,Eivissa,1,0,0,0,0,0,0,0,0,0,,
HOSPITAL SANT JOAN DE DEU,Illes Balears,Palma de Mallorca,0,1,0,0,0,0,0,0,0,1,,
HOSPITAL SON LLATZER,Illes Balears,Palma de Mallorca,1,0,0,0,0,1,0,0,1,1,,
HOSPITAL UNIVERSITARIO SON ESPASES,Illes Balears,Palma de Mallorca,1,0,1,1,0,0,1,0,0,1,,
HOSPITAN JUANEDA MAHON,Illes Balears,Mahón,0,1,0,0,0,0,0,0,0,0,,
POLICLINICA MIRAMAR (AMEBA S.A.),Illes Balears,Palma de Mallorca,0,1,0,1,0,0,0,0,0,1,,
POLICLÍNICA NUESTRA SEÑORA DEL ROSARIO S.A.,Illes Balears,Eivissa,0,1,1,1,0,0,0,0,0,1,,
CLÍNICA BANDAMA,Las Palmas,Palmas de Gran Canaria (Las),0,1,0,1,1,0,0,0,0,1,,
CLÍNICA DE SAN ROQUE S.A.,Las Palmas,Palmas de Gran Canaria (Las),0,1,0,0,0,0,0,0,0,1,,
CLÍNICA NUESTRA SEÑORA DEL PERPETUO SOCORRO,Las Palmas,Palmas de Gran Canaria (Las),0,1,0,0,0,0,0,0,0,1,,
CLíNICA PARQUE FUERTEVENTURA,Las Palmas,Puerto del Rosario,0,1,0,0,0,0,0,0,0,0,,
COMPLEJO HOSPITALARIO DR. NEGRIN,Las Palmas,Palmas de Gran Canaria (Las),1,0,0,0,0,0,0,0,0,0,,
COMPLEJO HOSPITALARIO UNIVERSITARIO INSULAR-MATERNO INFANTIL,Las Palmas,Palmas de Gran Canaria (Las),1,0,0,0,0,1,0,0,0,0,,
FUNDACIÓN BENÉFICA CANARIA CASA ASILO SAN JOSÉ,Las Palmas,Palmas de Gran Canaria (Las),0,1,0,0,0,0,0,0,0,0,,
HOSPITAL CLINICA ROCA (ROCA GESTION HOSPITALARIA),Las Palmas,San Bartolomé de Tirajana,0,1,0,0,0,0,0,0,0,0,,
HOSPITAL DOCTOR JOSÉ MOLINA OROSA,Las Palmas,Arrecife,1,0,0,0,0,0,0,0,0,0,,
HOSPITAL GENERAL DE FUERTEVENTURA,Las Palmas,Puerto del Rosario,1,0,0,0,0,0,0,0,0,0,,
HOSPITAL INSULAR DE LANZAROTE,Las Palmas,Arrecife,1,0,0,0,0,0,0,0,0,1,,
HOSPITAL POLICLÍNICO LA PALOMA S.A.,Las Palmas,Palmas de Gran Canaria (Las),0,1,0,0,0,0,0,0,0,1,,
HOSPITAL SAN ROQUE MASPALOMAS,Las Palmas,San Bartolomé de Tirajana,0,1,1,1,0,0,0,0,0,1,,
HOSPITAL SANTA CATALINA,Las Palmas,Palmas de Gran Canaria (Las),0,1,1,1,1,0,1,1,1,1,,
HOSPITEN LANZAROTE (CLISUR S.A.),Las Palmas,Tías,0,1,0,0,0,0,0,0,0,0,,
INSTITUTO POLICLÍNICO CAJAL S.L.,Las Palmas,Palmas de Gran Canaria (Las),0,1,0,0,0,0,0,0,0,1,,
QUINTA MÉDICA DE REPOSO S.A.,Las Palmas,Santa Brígida,0,1,0,0,0,0,0,0,0,0,,
RESIDENCIA MÉDICA ASISTIDA NUESTRA SEÑORA DEL MAR,Las Palmas,Telde,0,1,0,0,0,0,0,0,0,0,,
ROCA GESTION HOSPITALARIA S.L.,Las Palmas,Mogán,0,1,0,0,0,0,0,0,0,0,,
SANATORIO DERMATOLÓGICO REGIONAL,Las Palmas,Palmas de Gran Canaria (Las),1,0,0,0,0,0,0,0,0,0,,
CLÍNICA LA COLINA,Santa Cruz de Tenerife,Santa Cruz de Tenerife,0,1,1,0,0,0,0,0,0,1,,
CLÍNICA PARQUE S.A.,Santa Cruz de Tenerife,Santa Cruz de Tenerife,0,1,0,1,0,0,0,0,0,1,,
CLINICA SANTA CRUZ DE TENERIFE,Santa Cruz de Tenerife,Santa Cruz de Tenerife,0,1,0,0,0,0,0,0,0,0,,
CLÍNICA VIDA,Santa Cruz de Tenerife,Orotava (La),0,1,0,0,0,0,0,0,0,0,,
CLÍNICA VINTERSOL (HUMLEGARDEN S.L.),Santa Cruz de Tenerife,Arona,0,1,0,0,0,0,0,0,0,1,,
COMPLEJO HOSPITAL UNIVERSITARIO NTRA. SRA. DE CANDELARIA,Santa Cruz de Tenerife,Santa Cruz de Tenerife,1,0,0,0,0,0,0,0,0,0,,
COMPLEJO HOSPITALARIO UNIVERSITARIO DE CANARIAS,Santa Cruz de Tenerife,San Cristóbal de La Laguna,1,0,0,0,0,0,0,0,0,0,,
FUNDACIÓN HOSPITAL DE LA INMACULADA,Santa Cruz de Tenerife,Puerto de la Cruz,0,1,0,0,0,0,0,0,0,0,,
HOSPITAL BELLEVUE,Santa Cruz de Tenerife,Puerto de la Cruz,0,1,0,0,0,0,0,0,0,0,,
HOSPITAL COSTA ADEJE,Santa Cruz de Tenerife,Adeje,0,1,1,0,0,0,0,0,0,0,,
HOSPITAL DE LA SANTÍSIMA TRINIDAD,Santa Cruz de Tenerife,Orotava (La),1,0,0,0,0,0,0,0,0,0,,
HOSPITAL DEL NORTE,Santa Cruz de Tenerife,Icod de los Vinos,1,0,0,0,0,0,0,0,0,0,,
HOSPITAL FEBLES CAMPOS,Santa Cruz de Tenerife,Santa Cruz de Tenerife,1,0,0,0,0,0,0,0,0,0,,
HOSPITAL GENERAL DE LA GOMERA,Santa Cruz de Tenerife,San Sebastián de la Gomera,1,0,0,0,0,0,0,0,0,0,,
HOSPITAL GENERAL DE LA PALMA,Santa Cruz de Tenerife,Breña Alta,1,0,0,0,0,0,0,0,0,1,,
HOSPITAL INSULAR NTRA SRA DE LOS REYES,Santa Cruz de Tenerife,Valverde,1,0,0,0,0,0,0,0,0,0,,
HOSPITAL NUESTRA SEÑORA DE LOS DOLORES,Santa Cruz de Tenerife,Santa Cruz de la Palma,1,0,0,0,0,0,0,0,0,0,,
HOSPITAL RAMBLA S.L.,Santa Cruz de Tenerife,Santa Cruz de Tenerife,0,1,0,0,0,0,0,0,0,0,,
HOSPITAL SAN JUAN DE DIOS,Santa Cruz de Tenerife,Santa Cruz de Tenerife,0,1,1,1,1,0,1,0,0,1,,
HOSPITEN SUR,Santa Cruz de Tenerife,Arona,0,1,0,0,0,0,0,0,0,0,,
CENTRO HOSPITALARIO PADRE MENNI,Cantabria,Santander,0,1,0,0,0,0,0,0,0,1,,
CLÍNICA MOMPÍA S.A.U.,Cantabria,Santa Cruz de Bezana,0,1,0,1,0,0,0,0,0,1,,
HOSPITAL COMARCAL DE LAREDO,Cantabria,Laredo,1,0,0,0,0,1,0,0,0,1,,
HOSPITAL RAMÓN NEGRETE,Cantabria,Santander,0,1,0,0,0,0,0,0,0,0,,
HOSPITAL SANTA CLOTILDE,Cantabria,Santander,0,1,0,0,1,0,0,0,0,1,,
HOSPITAL SIERRALLANA,Cantabria,Torrelavega,1,0,0,0,0,1,0,0,0,1,,
HOSPITAL UNIVERSITARIO MARQUÉS DE VALDECILLA,Cantabria,Santander,1,0,0,0,0,1,0,0,0,1,,
COMPLEJO HOSPITALARIO UNIVERSITARIO DE ALBACETE,Albacete,Albacete,1,0,0,1,0,0,1,1,0,1,,
HOSPITAL DE HELLÍN,Albacete,Hellín,1,0,0,0,0,0,0,0,0,1,,
HOSPITAL GENERAL DE ALMANSA,Albacete,Almansa,1,0,1,0,0,0,0,0,0,1,,
HOSPITAL GENERAL DE VILLARROBLEDO,Albacete,Villarrobledo,1,0,0,0,0,1,0,0,0,1,,
IBÉRICA DE DIAGNÓSTICO Y CIRUGÍA S.L.,Albacete,Albacete,0,1,0,0,0,0,0,0,0,0,,
SANATORIO SANTA CRISTINA,Albacete,Albacete,0,1,0,0,0,0,0,0,0,1,,
CLINICA COREYSA,Ciudad real,Ciudad Real,0,1,0,0,0,0,0,0,0,0,,
HOSPITAL GENERAL DE CIUDAD REAL,Ciudad real,Ciudad Real,1,0,0,0,0,0,0,0,0,1,,
HOSPITAL GENERAL DE TOMELLOSO,Ciudad real,Tomelloso,1,0,0,0,0,0,0,0,0,1,,
HOSPITAL GENERAL LA MANCHA CENTRO,Ciudad real,Alcázar de San Juan,1,0,0,0,0,0,0,0,0,1,,
HOSPITAL GUTIÉRREZ ORTEGA,Ciudad real,Valdepeñas,1,0,0,0,0,0,0,0,0,1,,
HOSPITAL SANTA BÁRBARA,Ciudad real,Puertollano,1,0,0,0,0,0,0,0,0,1,,
HOSPITAL VIRGEN DE ALTAGRACIA,Ciudad real,Manzanares,1,0,0,0,0,0,0,0,0,0,,
SERVICIOS SANITARIOS Y ASISTENCIALES,Ciudad real,Ciudad Real,1,0,0,0,0,0,0,0,0,0,,
HOSPITAL GENERAL VIRGEN DE LA LUZ,Cuenca,Cuenca,1,0,0,0,0,0,0,0,0,1,,
HOSPITAL RECOLETAS CUENCA S.L.U.,Cuenca,Cuenca,0,1,0,0,0,0,0,0,0,0,,
CLÍNICA DOCTOR SANZ VÁZQUEZ,Guadalajara,Guadalajara,0,1,0,0,0,0,0,0,0,1,,
CLÍNICA LA ANTIGUA,Guadalajara,Guadalajara,0,1,0,0,0,0,0,0,0,1,,
HOSPITAL UNIVERSITARIO DE GUADALAJARA,Guadalajara,Guadalajara,1,0,1,1,0,1,1,1,0,1,,
INSTITUTO DE ENFERMEDADES NEUROLÓGICAS DE CASTILLA-LA MANCHA,Guadalajara,Guadalajara,1,0,0,0,0,0,0,0,0,1,,
U.R.R. DE ENFERMOS PSÍQUICOS,Guadalajara,Yebes,1,0,0,0,0,0,0,0,0,0,,
C. ASISTENCIAL DE SOLIMAT MUTUA DE A.T. Y E.P. DE LA S.S,Toledo,Toledo,0,1,0,0,0,0,0,0,0,0,,
CENTRO DE TRAT. DE DROGODEP. ,EL ALBA,Toledo,1,0,0,0,0,0,0,0,0,0,",",Toledo
CLINICA MARAZUELA,Toledo,Talavera de la Reina,0,1,0,0,0,0,0,0,0,1,,
COMPLEJO HOSPITALARIO DE TOLEDO,Toledo,Toledo,1,0,0,0,0,0,0,0,0,1,,
HOSPITAL NACIONAL DE PARAPLÉJICOS,Toledo,Toledo,1,0,1,1,0,1,1,0,0,1,,
HOSPITAL NUESTRA SEÑORA DEL PRADO,Toledo,Talavera de la Reina,1,0,1,0,0,0,0,0,0,1,,
HOSPITAL PROVINCIAL DE LA MISERICORDIA,Toledo,Toledo,1,0,0,0,0,0,0,0,0,0,,
HOSPITAL TRES CULTURAS,Toledo,Toledo,0,1,0,0,0,0,0,0,0,1,,
CLÍNICA SANTA TERESA,Ávila,Ávila,0,1,0,0,0,0,0,0,0,1,,
COMPLEJO ASISTENCIAL DE AVILA,Ávila,Ávila,1,0,0,0,0,0,0,0,0,1,,
COMPLEJO ASISTENCIAL UNIVERSITARIO DE BURGOS,Burgos,Burgos,1,0,0,0,0,0,0,0,0,1,,
HOSPITAL RECOLETAS DE BURGOS,Burgos,Burgos,0,1,0,0,0,0,0,1,0,1,,
HOSPITAL RESIDENCIA ASISTIDA DE LA LUZ,Burgos,Aranda de Duero,0,1,0,0,0,0,0,0,0,0,,
HOSPITAL SAN JUAN DE DIOS DE BURGOS,Burgos,Burgos,0,1,0,0,0,0,0,0,0,0,,
HOSPITAL SANTIAGO APÓSTOL,Burgos,Miranda de Ebro,1,0,0,0,0,1,0,0,0,1,,
HOSPITAL SANTOS REYES,Burgos,Aranda de Duero,1,0,0,0,0,1,0,0,0,1,,
CLÍNICA ALTOLLANO,León,Villaquilambre,0,1,0,0,0,0,0,0,0,1,,
CLÍNICA PONFERRADA-GESTORA DE SERVICIOS SANITARIOS EL BIERZO,León,Ponferrada,0,1,0,1,0,0,0,0,0,1,,
CLÍNICA SAN FRANCISCO,León,León,0,1,1,1,0,0,1,1,0,1,,
COMPLEJO ASISTENCIAL UNIVERSITARIO DE LEÓN,León,León,1,0,0,0,0,0,0,0,0,1,,
HOSPITAL DE LA REINA,León,Ponferrada,0,1,1,1,0,0,1,1,1,1,,
HOSPITAL EL BIERZO,León,Ponferrada,1,0,0,0,0,0,0,0,0,1,,
HOSPITAL LA REGLA,León,León,0,1,1,1,0,0,1,0,0,1,,
HOSPITAL SAN JUAN DE DIOS,León,San Andrés del Rabanedo,0,1,1,1,1,0,1,0,0,1,,
HOSPITAL VALLE DE LACIANA,León,Villablino,0,1,0,0,0,0,0,0,0,0,,
COMPLEJO ASISTENCIAL DE PALENCIA,Palencia,Palencia,1,0,0,0,0,0,0,0,0,1,,
HOSPITAL PSIQUIATRICO SAN LUIS,Palencia,Palencia,0,1,0,0,0,0,0,0,0,1,,
HOSPITAL RECOLETAS DE PALENCIA,Palencia,Palencia,0,1,0,1,0,0,0,1,0,1,,
UNIDAD DE REHABILITACIÓN PSIQUIÁTRICA CENTRO ASISTENCIAL SAN JUAN DE DIOS,Palencia,Palencia,0,1,0,0,0,0,0,0,0,0,,
COMPLEJO ASISTENCIAL UNIVERSITARIO DE SALAMANCA,Salamanca,Salamanca,1,0,0,0,0,1,0,0,0,1,,
HOSPITAL GENERAL DE LA SANTISIMA TRINIDAD,Salamanca,Salamanca,0,1,1,1,0,1,1,0,0,1,,
COMPLEJO ASISTENCIAL DE SEGOVIA,Segovia,Segovia,1,0,0,0,0,0,0,0,0,1,,
HOSPITAL RECOLETAS SEGOVIA NTRA. SRA. DE LA MISERICORDIA,Segovia,Segovia,0,1,0,0,0,0,0,1,0,1,,
UNIDAD DE REHABILITACIÓN PSIQUIÁTRICA NTRA. SRA. DE LA FUENCISLA,Segovia,Palazuelos de Eresma,1,0,0,0,0,0,0,0,0,0,,
COMPLEJO ASISTENCIAL DE SORIA,Soria,Soria,1,0,0,0,0,0,0,0,0,1,,
CENTRO HOSPITALARIO BENITO MENNI,Valladolid,Valladolid,0,1,0,0,0,0,0,0,0,1,,
HOSPITAL CAMPO GRANDE,Valladolid,Valladolid,0,1,0,0,0,0,0,0,0,1,,
HOSPITAL CLINICO UNIVERSITARIO DE VALLADOLID,Valladolid,Valladolid,1,0,0,0,0,0,0,0,0,1,,
HOSPITAL FELIPE SEGUNDO,Valladolid,Valladolid,0,1,0,0,0,1,0,0,0,1,,
HOSPITAL MEDINA DEL CAMPO,Valladolid,Medina del Campo,1,0,0,0,0,0,0,0,0,1,,
HOSPITAL UNIVERSITARIO DEL RIO HORTEGA,Valladolid,Valladolid,1,0,0,0,0,1,0,0,0,1,,
SANATORIO SAGRADO CORAZÓN,Valladolid,Valladolid,0,1,0,0,0,0,0,0,0,0,,
COMPLEJO ASISTENCIAL  DE ZAMORA,Zamora,Zamora,1,0,0,0,0,0,0,0,0,1,,
HOSPITAL RECOLETAS DE ZAMORA,Zamora,Zamora,0,1,0,0,0,0,0,0,0,1,,
BENITO MENNI COMPLEX ASISTENCIAL EN SALUT MENTAL,Barcelona,Granollers,0,1,0,0,0,0,0,0,0,0,,
BENITO MENNI COMPLEX ASSITENCIAL EN SALUT MENTAL,Barcelona,Sant Boi de Llobregat,0,1,0,0,0,0,0,0,0,1,,
CENTRE ASSISTENCIAL PRYTANIS SANT BOI,Barcelona,Sant Boi de Llobregat,0,1,0,0,0,0,0,0,0,0,,
CENTRE COLLSEROLA MUTUAM,Barcelona,Barcelona,0,1,0,0,0,0,0,0,0,0,,
CENTRE D'OFTALMOLOGIA BARRAQUER,Barcelona,Barcelona,0,1,1,1,0,0,1,1,1,1,,
CENTRE DE PREVENCIÓ I REHABILITACIÓ ASEPEYO,Barcelona,Sant Cugat del Vallès,0,1,0,0,0,0,0,0,0,1,,
CENTRE D´HOSPITALITZACIÓ I HOSPITAL DE DIA TRASTORNS DE LA CONDUCTA,Barcelona,Argentona,0,1,0,0,0,0,0,0,0,0,,
CENTRE FÒRUM,Barcelona,Barcelona,1,0,0,0,0,0,0,0,0,1,,
CENTRE GERIÀTRIC DEL MARESME,Barcelona,Mataró,0,1,0,0,0,0,0,0,0,0,,
CENTRE GERONTOLÒGIC AMMA HORTA,Barcelona,Barcelona,0,1,0,0,0,0,0,0,0,0,,
CENTRE GERONTOLÒGIC AMMA SANT CUGAT,Barcelona,Sant Cugat del Vallès,0,1,0,0,0,0,0,0,0,0,,
CENTRE HOSPITALARI,Barcelona,Manresa,0,1,0,0,0,0,0,0,0,0,,
CENTRE INTEGRAL DE SERVEIS EN SALUT MENTAL COMUNITÀRIA,Barcelona,Barcelona,0,1,0,0,0,0,0,0,0,0,,
CENTRE MÉDIC DELFOS S.A.,Barcelona,Barcelona,0,1,1,1,1,0,0,0,0,1,,
CENTRE MÉDIC MOLINS SL,Barcelona,Molins de Rei,0,1,0,0,0,0,0,0,0,1,,
CENTRE MÉDIC SANT JORDI DE SANT ANDREU S.A.,Barcelona,Barcelona,0,1,0,0,0,0,0,0,0,1,,
CENTRE POLIVALENT CAN FOSC,Barcelona,Ametlla del Vallès (L'),0,1,0,0,0,0,0,0,0,0,,
CENTRE QUIRÚRGIC MARESME-CLÍNIC MARESME S.L.,Barcelona,Mataró,0,1,0,0,0,0,0,0,0,0,,
CENTRE SOCIAL I SANITARI FREDERICA MONTSENY,Barcelona,Viladecans,0,1,0,0,0,0,0,0,0,0,,
CENTRE SOCIOSANITARI BLAUCLINIC ,DOLORS ALEU,Barcelona,0,1,0,0,0,0,0,0,0,0,",",Barcelona
CENTRE SOCIOSANITARI BLAUCLÍNIC SANT JOSEP ORIOL,Barcelona,Barcelona,0,1,0,0,0,0,0,0,0,0,,
CENTRE SOCIOSANITARI CAN TORRAS,Barcelona,Alella,0,1,0,0,0,0,0,0,0,0,,
CENTRE SOCIOSANITARI D'ESPLUGUES,Barcelona,Esplugues de Llobregat,0,1,0,0,0,0,0,0,0,0,,
CENTRE SOCIOSANITARI EL CARME,Barcelona,Badalona,0,1,0,0,0,0,0,0,0,0,,
CENTRE SOCIOSANITARI ISABEL ROIG,Barcelona,Barcelona,0,1,0,0,0,0,0,0,0,0,,
CENTRE SOCIOSANITARI MUTUAM GÜELL,Barcelona,Barcelona,0,1,0,0,0,0,0,0,0,0,,
CENTRE SOCIOSANITARI PALAU,Barcelona,Barcelona,0,1,0,0,0,0,0,0,0,0,,
CENTRE SOCIOSANITARI RICARD FORTUNY,Barcelona,Vilafranca del Penedès,1,0,0,0,0,0,0,0,0,1,,
CENTRE SOCIOSANITARI SANT JORDI,Barcelona,Cornellà de Llobregat,0,1,0,0,0,0,0,0,0,0,,
CENTRE SOCIOSANITARI SANT JORDI DE LA VALL D'HEBRON,Barcelona,Barcelona,0,1,0,0,0,0,0,0,0,0,,
CENTRE SOCIOSANITARI VERGE DE PUIG,Barcelona,Sant Celoni,0,1,0,0,0,0,0,0,0,0,,
CENTRE STAUROS,Barcelona,Barcelona,0,1,0,0,0,0,0,0,0,1,,
CENTRES ASSISTENCIALS DR. EMILI MIRA I LÓPEZ (RECINTE TORRIBERA),Barcelona,Santa Coloma de Gramenet,1,0,0,0,0,0,0,0,0,1,,
CENTRO INTERNACIONAL DE MEDICINA AVANZADA SA (CIMA),Barcelona,Barcelona,0,1,1,0,0,1,0,0,0,1,,
CENTRO MEDICO TEKNON S.L.,Barcelona,Barcelona,0,1,1,1,0,0,1,0,1,1,,
CLÍNICA BARCELONETA.,Barcelona,Barcelona,0,1,0,0,0,0,0,0,0,0,,
CLÍNICA CORACHAN S.A,Barcelona,Barcelona,0,1,0,0,0,0,0,0,0,1,,
CLÍNICA COROLEU,Barcelona,Barcelona,0,1,0,0,0,0,0,0,0,1,,
CLíNICA CREU BLANCA,Barcelona,Barcelona,0,1,1,1,1,0,1,1,0,1,,
CLÍNICA DE VIC,Barcelona,Vic,1,0,0,0,0,0,0,0,0,1,,
CLINICA DEL PILAR SANT JORDI,Barcelona,Barcelona,0,1,0,0,0,0,0,0,0,1,,
CLÍNICA DEL VALLÈS,Barcelona,Sabadell,0,1,0,0,0,0,0,0,0,1,,
CLÍNICA DIAGONAL,Barcelona,Barcelona,0,1,1,1,0,0,0,1,0,1,,
CLINICA GALATEA,Barcelona,Barcelona,0,1,1,1,1,0,0,0,0,1,,
CLÍNICA LLÚRIA,Barcelona,Barcelona,0,1,0,0,0,0,0,0,0,0,,
CLÍNICA M C LONDRES,Barcelona,Barcelona,0,1,0,0,0,0,0,0,0,0,,
CLÍNICA MÚTUA DE TERRASA,Barcelona,Terrassa,0,1,0,0,0,0,0,0,0,0,,
CLÍNICA NOSTRA SENYORA DE GUADALUPE,Barcelona,Esplugues de Llobregat,0,1,0,0,0,0,0,0,0,1,,
CLÍNICA NOSTRA SENYORA DEL REMEI,Barcelona,Barcelona,0,1,0,1,0,0,0,0,0,1,,
CLÍNICA PLANAS,Barcelona,Barcelona,0,1,0,0,1,0,1,0,0,1,,
CLINICA SAGRADA FAMILIA,Barcelona,Barcelona,0,1,0,0,0,0,0,0,0,1,,
CLÍNICA SANT HONORAT,Barcelona,Barcelona,0,1,0,0,0,0,0,0,0,0,,
CLÍNICA SANT JOSEP,Barcelona,Manresa,0,1,1,1,1,0,1,0,0,1,,
CLÍNICA SANT JOSEP,Barcelona,Vic,0,1,1,1,1,0,1,0,0,1,,
CLÍNICA SECRETARI COLOMA,Barcelona,Barcelona,0,1,0,0,0,0,0,0,0,1,,
CLINICA SOLARIUM,Barcelona,Barcelona,0,1,0,0,0,0,0,0,0,0,,
CLINICA TRES TORRES,Barcelona,Barcelona,0,1,0,0,0,0,0,0,0,1,,
COMUNITAT TERAPÈUTICA ARENYS DE MUNT,Barcelona,Arenys de Munt,0,1,0,0,0,0,0,0,0,0,,
FUNDACIÓ HOSPITAL DE L'ESPERIT SANT,Barcelona,Santa Coloma de Gramenet,0,1,0,0,0,1,1,0,0,1,,
FUNDACIO HOSPITAL DE SANT JAUME I SANTA MAGDALENA,Barcelona,Mataró,1,0,1,0,0,0,0,0,0,1,,
FUNDACIÓ HOSPITAL SANT JOAN DE DÉU,Barcelona,Martorell,0,1,0,0,0,0,0,0,0,0,,
FUNDACIÓ PUIGVERT-IUNA,Barcelona,Barcelona,0,1,0,0,0,0,0,0,0,0,,
FUNDACIÓ SANITÀRIA SANT JOSEP,Barcelona,Igualada,0,1,0,0,0,0,0,0,0,1,,
FUNDACIÓ SOCIOSANITÀRIA DE BARCELONA,Barcelona,Hospitalet de Llobregat (L'),0,1,0,0,0,0,0,0,0,0,,
GEROINNOVA BCN (PAPERLAB),Barcelona,Barcelona,0,1,0,0,0,0,0,0,0,0,,
HOSPITAL CASA DE MATERNITAT,Barcelona,Barcelona,1,0,0,0,0,0,0,0,0,0,,
HOSPITAL CLINIC I PROVINCIAL DE BARCELONA,Barcelona,Barcelona,1,0,1,0,1,1,1,1,0,1,,
HOSPITAL COMARCAL DE L'ALT PENEDÈS,Barcelona,Vilafranca del Penedès,1,0,0,1,0,0,1,0,0,1,,
HOSPITAL COMARCAL DE SANT BERNABÉ,Barcelona,Berga,0,1,0,0,0,0,0,0,0,1,,
HOSPITAL COMARCAL SANT JAUME DE CALELLA,Barcelona,Calella,0,1,0,0,0,0,0,0,0,0,,
HOSPITAL D'IGUALADA,Barcelona,Igualada,1,0,1,0,0,0,0,0,0,1,,
HOSPITAL DE BARCELONA,Barcelona,Barcelona,0,1,0,0,0,0,0,0,0,1,,
HOSPITAL DE LA SANTA CREU,Barcelona,Vic,1,1,0,0,0,1,0,0,0,1,,
HOSPITAL DE LA SANTA CREU I SANT PAU,Barcelona,Barcelona,0,1,0,0,0,1,1,0,0,1,,
HOSPITAL DE L´ESPERANÇA,Barcelona,Barcelona,1,0,0,0,0,0,0,0,0,1,,
HOSPITAL DE MATARÓ,Barcelona,Mataró,1,0,0,0,0,0,0,0,0,1,,
HOSPITAL DE MOLLET,Barcelona,Mollet del Vallès,0,1,0,0,0,0,0,0,0,1,,
HOSPITAL DE NENS DE BARCELONA,Barcelona,Barcelona,0,1,1,1,1,0,1,0,0,1,,
HOSPITAL DE SANT ANDREU,Barcelona,Manresa,0,1,0,0,0,0,0,0,0,1,,
HOSPITAL DE SANT CELONI,Barcelona,Sant Celoni,0,1,0,0,0,0,0,0,0,1,,
HOSPITAL DE SANT JAUME,Barcelona,Manlleu,1,1,0,0,0,0,0,0,0,1,,
HOSPITAL DE SANT JOAN DE DÈU,Barcelona,Esplugues de Llobregat,0,1,1,1,0,1,1,1,1,1,,
HOSPITAL DE SANT JOAN DE DÉU,Barcelona,Manresa,0,1,1,1,0,0,1,0,0,1,,
HOSPITAL DE SANT JOAN DESPÍ MOISÉS BROGGI,Barcelona,Sant Joan Despí,0,1,0,0,0,0,0,0,0,0,,
HOSPITAL DE SANT LLÀTZER,Barcelona,Terrassa,1,0,0,0,0,0,1,0,0,1,,
HOSPITAL DE TERRASSA,Barcelona,Terrassa,1,0,1,0,0,0,1,0,0,1,,
HOSPITAL DE VILADECANS,Barcelona,Viladecans,1,0,0,0,0,0,0,0,0,1,,
HOSPITAL DEL MAR,Barcelona,Barcelona,1,0,1,0,0,1,1,0,0,1,,
HOSPITAL DOS DE MAIG,Barcelona,Barcelona,1,0,0,0,0,0,0,0,0,0,,
HOSPITAL FREMAP BARCELONA,Barcelona,Barcelona,0,1,0,0,0,0,0,0,0,0,,
HOSPITAL GENERAL DE CATALUNYA,Barcelona,Sant Cugat del Vallès,0,1,0,0,0,0,0,0,0,1,,
HOSPITAL GENERAL DE GRANOLLERS,Barcelona,Granollers,0,1,1,1,0,0,1,0,0,1,,
HOSPITAL GENERAL DE L`HOSPITALET,Barcelona,Hospitalet de Llobregat (L'),1,0,0,0,0,0,0,0,0,0,,
HOSPITAL GENERAL DE VIC,Barcelona,Vic,1,0,0,0,0,0,0,0,0,0,,
HOSPITAL GENERAL DEL PARC SANITARI SANT JOAN DE DÉU,Barcelona,Sant Boi de Llobregat,0,1,0,0,0,0,0,0,0,0,,
HOSPITAL GENERAL PENITENCIARI,Barcelona,Terrassa,1,0,0,0,0,0,0,0,0,0,,
HOSPITAL MARE DE DÉU DE LA MERCÉ,Barcelona,Barcelona,0,1,0,0,0,0,0,0,0,1,,
HOSPITAL MUNICIPAL DE BADALONA,Barcelona,Badalona,0,1,1,0,0,0,1,0,0,1,,
HOSPITAL PLATÓ,Barcelona,Barcelona,0,1,0,0,0,0,1,0,0,1,,
HOSPITAL QUIRÓN,Barcelona,Barcelona,0,1,0,0,0,1,0,0,0,1,,
HOSPITAL RESIDÈNCIA SANT CAMIL - CONSORCI SANITARI DEL GARRAF,Barcelona,Sant Pere de Ribes,0,1,0,1,0,0,0,0,0,0,,
HOSPITAL SANT ANTONI ABAT - CONSORCI SANITARI DEL GARRAF,Barcelona,Vilanova i la Geltrú,0,1,0,0,0,0,1,0,0,1,,
HOSPITAL SANT RAFAEL,Barcelona,Barcelona,0,1,0,0,0,0,0,0,0,1,,
HOSPITAL SOCIOSANITARI DE L'HOSPITALET,Barcelona,Hospitalet de Llobregat (L'),1,0,0,0,0,0,0,0,0,0,,
HOSPITAL SOCIOSANITARI PERE VIRGILI,Barcelona,Barcelona,1,0,0,0,0,0,0,0,0,0,,
HOSPITAL UNIVERSITARI DE BELLVITGE,Barcelona,Hospitalet de Llobregat (L'),1,0,1,0,0,1,1,0,0,1,,
HOSPITAL UNIVERSITARI DEXEUS,Barcelona,Barcelona,0,1,0,0,0,0,0,0,0,0,,
HOSPITAL UNIVERSITARI GERMANS TRIAS I PUJOL DE BADALONA,Barcelona,Badalona,1,0,0,0,0,0,1,0,0,1,,
HOSPITAL UNIVERSITARI MÚTUA DE TERRASSA,Barcelona,Terrassa,0,1,0,0,0,0,0,0,0,0,,
HOSPITAL UNIVERSITARI SAGRAT COR,Barcelona,Barcelona,0,1,0,0,0,0,0,0,0,1,,
HOSPITAL UNIVERSITARIO PARC TAULI DE SABADELL,Barcelona,Sabadell,1,0,1,0,0,0,1,0,0,1,,
HOSPITALS VALL D'HEBRON,Barcelona,Barcelona,1,0,1,0,1,1,1,0,0,1,,
HUCASVE SL EN QUAVITAE BARCELONA,Barcelona,Barcelona,0,1,0,0,0,0,0,0,0,0,,
IM CLÍNIC,Barcelona,Sant Cugat del Vallès,0,1,0,1,0,0,0,0,0,1,,
INSTITUT CATALÀ D'ONCOLOGIA BADALONA (ICO),Barcelona,Badalona,1,0,1,1,0,0,0,0,0,0,,
INSTITUT CATALÀ D'ONCOLOGIA L'HOSPITALET (ICO),Barcelona,Hospitalet de Llobregat (L'),1,0,0,0,0,0,0,0,0,0,,
INSTITUT FREEDMAN,Barcelona,Esplugues de Llobregat,0,1,0,0,0,0,0,0,0,1,,
INSTITUT GUTTMANN,Barcelona,Badalona,0,1,1,1,1,0,1,0,0,1,,
INSTITUT TRASTORN LíMIT,Barcelona,Sant Cugat del Vallès,0,1,0,0,0,0,0,1,0,1,,
ITA MARESME,Barcelona,Barcelona,0,1,0,0,0,0,0,0,0,0,,
ITA MARESME,Barcelona,Cabrils,0,1,0,0,0,0,0,0,0,0,,
LA SALUT SAR,Barcelona,Barcelona,0,1,0,0,0,0,0,0,0,0,,
LEPANT RESIDENCIAL QGG S.L.,Barcelona,Barcelona,0,1,0,0,0,0,0,0,0,0,,
MAPFRE QUAVITAE BARCELONA,Barcelona,Barcelona,0,1,0,0,0,0,0,0,0,0,,
MUTUAL MIDAT CYCLOPS,Barcelona,Barcelona,0,1,0,0,0,0,0,0,0,0,,
MUTUALITAT NTRA. SRA. DEL CARME,Barcelona,Granollers,0,1,0,0,0,0,0,0,0,0,,
NOU HOSPITAL EVANGÉLIC,Barcelona,Barcelona,0,1,0,1,0,0,0,1,0,1,,
PARC SANITARI SANT JOAN DE DÉU,Barcelona,Sant Boi de Llobregat,0,1,0,0,0,0,0,0,0,0,,
POLICLÍNICA BARCELONA,Barcelona,Barcelona,0,1,1,1,0,0,1,0,0,1,,
PRYTANIS HOSPITALET,Barcelona,Hospitalet de Llobregat (L'),0,1,1,1,0,0,1,0,0,1,,
REGINA SAR,Barcelona,Barcelona,0,1,0,0,0,0,0,0,0,0,,
RESIDÈNCIA AIDAR,Barcelona,Barcelona,0,1,0,0,0,0,0,0,0,0,,
RESIDENCIA AMMA HORTA,Barcelona,Barcelona,0,1,0,0,0,0,0,0,0,0,,
RESIDÈNCIA L´ESTADA,Barcelona,Sant Andreu de Llavaneres,0,1,0,0,0,0,0,0,0,0,,
RESIDENCIA PUIG-REIG,Barcelona,Puig-reig,0,1,0,0,0,0,0,0,0,0,,
RESIDENCIA SANTA SUSANNA,Barcelona,Caldes de Montbui,0,1,1,0,0,0,0,0,0,1,,
SAGRAT COR. SERVEIS DE SALUT MENTAL,Barcelona,Martorell,0,1,0,0,0,0,0,0,0,0,,
SAR MONT MARTÍ,Barcelona,Puig-reig,0,1,0,0,0,0,0,0,0,0,,
SARQUAVITAE BONANOVA,Barcelona,Barcelona,0,1,0,0,1,0,0,0,0,1,,
SERVEIS CLÍNICS S.A.,Barcelona,Barcelona,0,1,0,0,0,0,1,0,0,1,,
SERVEIS SANITARIS CENTRE PENITENCIARI BRIANS-2,Barcelona,Sant Esteve Sesrovires,1,0,0,0,0,0,0,0,0,0,,
SERVEIS SANITARIS CENTRE PENITENCIARI JOVES DE BARCELONA,Barcelona,Roca del Vallès (La),1,0,0,0,0,0,0,0,0,0,,
SERVEIS SANITARIS PENITENCIARIS CAN BRIANS,Barcelona,Sant Esteve Sesrovires,0,1,0,0,0,0,0,0,0,0,,
SERVEIS SANITARIS. CENTRE PENITENCIARI LLEDONERS,Barcelona,Sant Joan de Vilatorrada,1,0,0,0,0,0,0,0,0,0,,
U. HOSPITALÀRIA PENITENCIÀRIA D'HOMES,Barcelona,Barcelona,1,0,0,0,0,0,0,0,0,0,,
U. POLIVALENT SALUT MENTAL POBLE SEC,Barcelona,Barcelona,0,1,0,0,0,0,0,0,0,0,,
UNITAT DE CURES PAL.LIATIVES,Barcelona,Barcelona,0,1,0,0,0,0,0,0,0,0,,
UNITAT POLIVALENT BENITO MENNI EN SALUT MENTAL DE L'HOSPITALET-EL PRAT DE LLOBREGAT,Barcelona,Hospitalet de Llobregat (L'),0,1,0,0,0,0,0,0,0,0,,
UNITAT POLIVALENT SALUT MENTAL BARCELONA-NORD,Barcelona,Barcelona,0,1,0,0,0,0,0,0,0,0,,
UNITAT TERAPÈUTICA CENTRE EDUCATIU ELS TIL-LERS,Barcelona,Mollet del Vallès,0,1,0,0,0,0,0,0,0,0,,
CENTRE PALAMÓS GENT GRAN,Girona,Palamós,0,1,0,0,0,0,0,0,0,0,,
CENTRE SOCIOSANITARI BERNAT JAUME,Girona,Figueres,0,1,0,0,0,0,0,0,0,0,,
CENTRE SOCIOSANITARI MUTUAM GIRONA,Girona,Girona,0,1,0,0,0,0,0,0,0,0,,
CLÍNICA BOFILL,Girona,Girona,0,1,0,0,0,0,0,0,0,1,,
CLÍNICA GIRONA,Girona,Girona,0,1,1,1,0,0,1,0,0,1,,
CLÍNICA QUIRÚRGICA ONYAR,Girona,Girona,0,1,0,0,0,0,0,0,0,1,,
CLÍNICA SALUS INFIRMORUM,Girona,Banyoles,0,1,0,0,0,0,0,0,0,1,,
CLÍNICA SANTA CREU,Girona,Figueres,0,1,0,0,0,0,0,0,0,1,,
HOSPITAL COMARCAL DE BLANES,Girona,Blanes,1,0,0,0,0,0,0,0,0,1,,
HOSPITAL DE CAMPDEVÀNOL,Girona,Campdevànol,0,1,0,0,0,0,0,0,0,1,,
HOSPITAL DE CERDANYA,Girona,Puigcerdà,1,0,1,1,0,0,0,0,0,1,,
HOSPITAL DE FIGUERES,Girona,Figueres,0,1,0,0,0,0,0,0,0,0,,
HOSPITAL DE PALAMÓS,Girona,Palamós,0,1,0,0,0,0,0,0,0,1,,
HOSPITAL DE PUIGCERDÀ,Girona,Puigcerdà,0,1,0,0,0,0,0,0,0,1,,
HOSPITAL DE SANT JAUME,Girona,Blanes,1,1,0,0,0,0,0,0,0,1,,
HOSPITAL DE SANT JAUME D'OLOT,Girona,Olot,1,0,0,0,0,0,0,0,0,1,,
HOSPITAL PSIQUÀTRIC,Girona,Salt,1,0,0,0,0,0,0,0,0,0,,
HOSPITAL SANTA CATERINA,Girona,Salt,1,0,0,0,0,0,0,0,0,0,,
HOSPITAL SOCIOSANITARI DE LLORET DE MAR,Girona,Lloret de Mar,1,0,0,0,0,0,0,0,0,1,,
HOSPITAL UNIVERSITARI DR. JOSEP TRUETA DE GIRONA,Girona,Girona,1,0,1,0,0,0,0,0,0,0,,
INSTITUT CATALÀ D'ONCOLOGIA GIRONA (ICO),Girona,Girona,1,0,0,0,0,0,0,0,0,0,,
RESIDÈNCIA DE GENT GRAN PUIG D'EN ROCA,Girona,Girona,1,0,0,0,0,0,0,0,0,0,,
RESIDÈNCIA DE PUIGCERDÀ,Girona,Puigcerdà,0,1,0,0,0,0,0,0,0,0,,
RESIDÈNCIA GERIÀTRICA MARIA GAY,Girona,Girona,0,1,0,0,0,0,0,0,0,0,,
CASTELL D'OLIANA RESIDENCIAL S.L,Lleida,Oliana,0,1,0,0,0,0,0,0,0,0,,
CENTRE ASSITENCIAL SANT JOAN DE DÉU,Lleida,Almacelles,0,1,0,0,0,0,0,0,0,0,,
CENTRE SANITARI DEL SOLSONÈS FPC,Lleida,Solsona,1,0,0,0,0,0,0,0,0,1,,
CLÍNICA DEL PONENT,Lleida,Lleida,0,1,0,0,0,0,0,0,0,1,,
CLÍNICA LOS ABETOS,Lleida,Lleida,0,1,0,0,0,0,0,0,0,0,,
CLINICA NOSTRA SENYORA DEL PERPETU SOCORS,Lleida,Lleida,0,1,1,1,0,0,0,0,0,1,,
CLÍNICA PSIQUIÀTRICA BELLAVISTA,Lleida,Lleida,0,1,0,0,0,0,0,0,0,1,,
ESPITAU VAL D'ARAN,Lleida,Vielha e Mijaran,0,1,0,0,0,0,0,0,0,1,,
FUNDACIÓ SANT HOSPITAL,Lleida,Seu d'Urgell (La),1,0,1,0,0,0,0,0,0,1,,
HOSPITAL COMARCAL DEL PALLARS,Lleida,Tremp,0,1,0,0,0,0,0,0,0,0,,
HOSPITAL JAUME D'URGELL,Lleida,Balaguer,0,1,0,0,0,0,0,0,0,1,,
HOSPITAL JAUME NADAL MEROLES,Lleida,Lleida,0,1,0,0,0,0,0,0,0,0,,
HOSPITAL MONTSERRAT,Lleida,Lleida,0,1,0,0,0,0,0,0,0,1,,
HOSPITAL SANTA MARIA,Lleida,Lleida,1,0,0,0,0,0,0,0,0,1,,
HOSPITAL UNIVERSITARI ARNAU DE VILANOVA DE LLEIDA,Lleida,Lleida,1,0,1,0,0,1,0,0,0,1,,
REEIXIR,Lleida,Juneda,0,1,0,0,0,0,0,0,0,1,,
RESIDÈNCIA TERRAFERMA,Lleida,Alpicat,0,1,0,0,0,0,0,0,0,0,,
CENTRE MQ REUS,Tarragona,Reus,0,1,0,0,0,0,0,0,0,0,,
CENTRE SOCIOSANITARI CIUTAT DE REUS,Tarragona,Reus,0,1,0,0,0,0,0,0,0,0,,
CENTRE SOCIOSANITARI I RESIDENCIA ASSISTIDA SALOU,Tarragona,Salou,0,1,0,0,0,0,0,0,0,0,,
CENTRE SOCIOSANITARI LLEVANT,Tarragona,Tarragona,0,1,0,0,0,0,0,0,0,0,,
CLÍNICA ACTIVA MUTUA 2008,Tarragona,Tarragona,0,1,0,0,0,0,0,0,0,0,,
CLÍNICA TERRES DE L'EBRE,Tarragona,Tortosa,0,1,0,0,0,0,0,0,0,0,,
HOSPITAL COMARCAL D'AMPOSTA,Tarragona,Amposta,1,0,0,0,0,0,0,0,0,0,,
HOSPITAL COMARCAL MÓRA D'EBRE,Tarragona,Móra d'Ebre,0,1,0,0,0,0,0,0,0,0,,
HOSPITAL DE LA SANTA CREU,Tarragona,Tortosa,1,1,0,0,0,1,0,0,0,1,,
HOSPITAL DE SANT PAU I SANTA TECLA,Tarragona,Tarragona,0,1,0,0,0,0,0,0,0,0,,
HOSPITAL DEL VENDRELL,Tarragona,Vendrell (El),0,1,0,0,0,0,0,0,0,0,,
HOSPITAL SOCIOSANITARI FRANCOLÍ,Tarragona,Tarragona,1,0,1,0,0,0,0,0,0,1,,
HOSPITAL UNIVERSITARI DE SANT JOAN DE REUS,Tarragona,Reus,1,0,0,0,0,0,0,0,0,1,,
HOSPITAL UNIVERSITARI JOAN XXIII DE TARRAGONA,Tarragona,Tarragona,1,0,1,0,1,0,0,0,0,1,,
HOSPITAL VERGE DE LA CINTA DE TORTOSA,Tarragona,Tortosa,1,0,1,0,0,0,0,0,0,1,,
HOSPITAL VIAMED MONEGAL,Tarragona,Tarragona,0,1,0,0,0,0,0,0,0,1,,
INSTITUT PERE MATA S.A.,Tarragona,Reus,0,1,1,0,0,0,1,0,0,1,,
PIUS HOSPITAL DEL VALLS,Tarragona,Valls,0,1,0,0,0,0,0,0,0,1,,
POLICLÍNICA COMARCAL DEL VENDRELL,Tarragona,Vendrell (El),0,1,0,0,0,0,0,0,0,1,,
RESIDÈNCIA ALT CAMP,Tarragona,Valls,0,1,0,0,0,0,0,0,0,0,,
RESIDENCIA PONENT,Tarragona,Tarragona,0,1,0,0,0,0,0,0,0,0,,
RESIDÈNCIA VILA-SECA,Tarragona,Vila-seca,0,1,0,0,0,0,0,0,0,0,,
SANATORI VILLABLANCA SA,Tarragona,Reus,0,1,0,0,0,0,0,0,0,1,,
UNITAT POLIVALENT EN SALUT MENTAL D'AMPOSTA,Tarragona,Amposta,0,1,0,0,0,0,0,0,0,0,,
